TTTCTCCTCTCT,N
TCTTTCCTCTCT,N
TCTCTTCTCTCT,N
TCTCTCTTCTCT,N
TCTCTCCTTTCT,N
TCTCTCCTCTTT,N
CCTCTCCTCTCT,N
TCCCTCCTCTCT,N
TCTCCCCTCTCT,N
TCTCTCCCCTCT,N
TCTCTCCTCCCT,Y
TCTCTCCTCTCC,N
TCCCCCCCCCCC,N
CCCCTCCCCCCC,N
CCCCCTCCCCCC,Y
CCCCCCTCCCCC,N
CCCCCCCTCCCC,N
CCCCCCCCCTCC,N
TTTTTTTTTTTT,N
TTTTTCCTTTTT,N
TTTTCTTCTTTT,N
TTTTCCCCTTTT,Y
TTTCTTTTCTTT,N
TTTCTCCTCTTT,N
TTTCCTTCCTTT,N
TTTCCCCCCTTT,Y
TTCTTTTTTCTT,N
TTCTTCCTTCTT,N
TTCTCTTCTCTT,N
TTCTCCCCTCTT,N
TTCCTTTTCCTT,N
TTCCTCCTCCTT,N
TTCCCTTCCCTT,N
TTCCCCCCCCTT,N
TCTTTTTTTTCT,N
TCTTTCCTTTCT,N
TCTTCTTCTTCT,N
TCTTCCCCTTCT,N
TCTCTTTTCTCT,N
TCTCTCCTCTCT,Y
TCTCCTTCCTCT,N
TCTCCCCCCTCT,N
TCCTTTTTTCCT,N
TCCTTCCTTCCT,N
TCCTCTTCTCCT,N
TCCTCCCCTCCT,N
TCCCTTTTCCCT,N
TCCCTCCTCCCT,N
TCCCCTTCCCCT,N
TCCCCCCCCCCT,Y
CTTTTTTTTTTC,N
CTTTTCCTTTTC,N
CTTTCTTCTTTC,N
CTTTCCCCTTTC,N
CTTCTTTTCTTC,N
CTTCTCCTCTTC,N
CTTCCTTCCTTC,N
CTTCCCCCCTTC,Y
CTCTTTTTTCTC,N
CTCTTCCTTCTC,N
CTCTCTTCTCTC,N
CTCTCCCCTCTC,N
CTCCTTTTCCTC,N
CTCCTCCTCCTC,N
CTCCCTTCCCTC,N
CTCCCCCCCCTC,N
CCTTTTTTTTCC,N
CCTTTCCTTTCC,N
CCTTCTTCTTCC,N
CCTTCCCCTTCC,N
CCTCTTTTCTCC,N
CCTCTCCTCTCC,N
CCTCCTTCCTCC,N
CCTCCCCCCTCC,N
CCCTTTTTTCCC,N
CCCTTCCTTCCC,N
CCCTCTTCTCCC,N
CCCTCCCCTCCC,N
CCCCTTTTCCCC,N
CCCCTCCTCCCC,N
CCCCCTTCCCCC,Y
CCCCCCCCCCCC,Y
CTTCCCCCCCCT,Y
CTTCCCCCCCCC,N
TTTCCCCCCCCC,Y
TTTCCCCCCCCT,N
TTTTCCCCCCCT,Y
TTTTCCCCCCCC,Y
CTCCCTCCCCCT,N
CCTTTCCCCCCT,N
CCTTCCCCCCCT,N
CCCCCTCCCCCT,Y
