CCCCCCCCCCCT,?
CCCCCCCCCCTC,?
CCCCCCCCCCTT,?
CCCCCCCCCTCT,?
CCCCCCCCCTTC,?
CCCCCCCCCTTT,?
CCCCCCCCTCCC,?
CCCCCCCCTCCT,?
CCCCCCCCTCTC,?
CCCCCCCCTCTT,?
CCCCCCCCTTCC,?
CCCCCCCCTTCT,?
CCCCCCCCTTTC,?
CCCCCCCCTTTT,?
CCCCCCCTCCCT,?
CCCCCCCTCCTC,?
CCCCCCCTCCTT,?
CCCCCCCTCTCC,?
CCCCCCCTCTCT,?
CCCCCCCTCTTC,?
CCCCCCCTCTTT,?
CCCCCCCTTCCC,?
CCCCCCCTTCCT,?
CCCCCCCTTCTC,?
CCCCCCCTTCTT,?
CCCCCCCTTTCC,?
CCCCCCCTTTCT,?
CCCCCCCTTTTC,?
CCCCCCCTTTTT,?
CCCCCCTCCCCT,?
CCCCCCTCCCTC,?
CCCCCCTCCCTT,?
CCCCCCTCCTCC,?
CCCCCCTCCTCT,?
CCCCCCTCCTTC,?
CCCCCCTCCTTT,?
CCCCCCTCTCCC,?
CCCCCCTCTCCT,?
CCCCCCTCTCTC,?
CCCCCCTCTCTT,?
CCCCCCTCTTCC,?
CCCCCCTCTTCT,?
CCCCCCTCTTTC,?
CCCCCCTCTTTT,?
CCCCCCTTCCCC,?
CCCCCCTTCCCT,?
CCCCCCTTCCTC,?
CCCCCCTTCCTT,?
CCCCCCTTCTCC,?
CCCCCCTTCTCT,?
CCCCCCTTCTTC,?
CCCCCCTTCTTT,?
CCCCCCTTTCCC,?
CCCCCCTTTCCT,?
CCCCCCTTTCTC,?
CCCCCCTTTCTT,?
CCCCCCTTTTCC,?
CCCCCCTTTTCT,?
CCCCCCTTTTTC,?
CCCCCCTTTTTT,?
CCCCCTCCCCTC,?
CCCCCTCCCCTT,?
CCCCCTCCCTCC,?
CCCCCTCCCTCT,?
CCCCCTCCCTTC,?
CCCCCTCCCTTT,?
CCCCCTCCTCCC,?
CCCCCTCCTCCT,?
CCCCCTCCTCTC,?
CCCCCTCCTCTT,?
CCCCCTCCTTCC,?
CCCCCTCCTTCT,?
CCCCCTCCTTTC,?
CCCCCTCCTTTT,?
CCCCCTCTCCCC,?
CCCCCTCTCCCT,?
CCCCCTCTCCTC,?
CCCCCTCTCCTT,?
CCCCCTCTCTCC,?
CCCCCTCTCTCT,?
CCCCCTCTCTTC,?
CCCCCTCTCTTT,?
CCCCCTCTTCCC,?
CCCCCTCTTCCT,?
CCCCCTCTTCTC,?
CCCCCTCTTCTT,?
CCCCCTCTTTCC,?
CCCCCTCTTTCT,?
CCCCCTCTTTTC,?
CCCCCTCTTTTT,?
CCCCCTTCCCCT,?
CCCCCTTCCCTC,?
CCCCCTTCCCTT,?
CCCCCTTCCTCC,?
CCCCCTTCCTCT,?
CCCCCTTCCTTC,?
CCCCCTTCCTTT,?
CCCCCTTCTCCC,?
CCCCCTTCTCCT,?
CCCCCTTCTCTC,?
CCCCCTTCTCTT,?
CCCCCTTCTTCC,?
CCCCCTTCTTCT,?
CCCCCTTCTTTC,?
CCCCCTTCTTTT,?
CCCCCTTTCCCC,?
CCCCCTTTCCCT,?
CCCCCTTTCCTC,?
CCCCCTTTCCTT,?
CCCCCTTTCTCC,?
CCCCCTTTCTCT,?
CCCCCTTTCTTC,?
CCCCCTTTCTTT,?
CCCCCTTTTCCC,?
CCCCCTTTTCCT,?
CCCCCTTTTCTC,?
CCCCCTTTTCTT,?
CCCCCTTTTTCC,?
CCCCCTTTTTCT,?
CCCCCTTTTTTC,?
CCCCCTTTTTTT,?
CCCCTCCCCCCT,?
CCCCTCCCCCTC,?
CCCCTCCCCCTT,?
CCCCTCCCCTCC,?
CCCCTCCCCTCT,?
CCCCTCCCCTTC,?
CCCCTCCCCTTT,?
CCCCTCCCTCCC,?
CCCCTCCCTCCT,?
CCCCTCCCTCTC,?
CCCCTCCCTCTT,?
CCCCTCCCTTCC,?
CCCCTCCCTTCT,?
CCCCTCCCTTTC,?
CCCCTCCCTTTT,?
CCCCTCCTCCCT,?
CCCCTCCTCCTC,?
CCCCTCCTCCTT,?
CCCCTCCTCTCC,?
CCCCTCCTCTCT,?
CCCCTCCTCTTC,?
CCCCTCCTCTTT,?
CCCCTCCTTCCC,?
CCCCTCCTTCCT,?
CCCCTCCTTCTC,?
CCCCTCCTTCTT,?
CCCCTCCTTTCC,?
CCCCTCCTTTCT,?
CCCCTCCTTTTC,?
CCCCTCCTTTTT,?
CCCCTCTCCCCC,?
CCCCTCTCCCCT,?
CCCCTCTCCCTC,?
CCCCTCTCCCTT,?
CCCCTCTCCTCC,?
CCCCTCTCCTCT,?
CCCCTCTCCTTC,?
CCCCTCTCCTTT,?
CCCCTCTCTCCC,?
CCCCTCTCTCCT,?
CCCCTCTCTCTC,?
CCCCTCTCTCTT,?
CCCCTCTCTTCC,?
CCCCTCTCTTCT,?
CCCCTCTCTTTC,?
CCCCTCTCTTTT,?
CCCCTCTTCCCC,?
CCCCTCTTCCCT,?
CCCCTCTTCCTC,?
CCCCTCTTCCTT,?
CCCCTCTTCTCC,?
CCCCTCTTCTCT,?
CCCCTCTTCTTC,?
CCCCTCTTCTTT,?
CCCCTCTTTCCC,?
CCCCTCTTTCCT,?
CCCCTCTTTCTC,?
CCCCTCTTTCTT,?
CCCCTCTTTTCC,?
CCCCTCTTTTCT,?
CCCCTCTTTTTC,?
CCCCTCTTTTTT,?
CCCCTTCCCCCC,?
CCCCTTCCCCCT,?
CCCCTTCCCCTC,?
CCCCTTCCCCTT,?
CCCCTTCCCTCC,?
CCCCTTCCCTCT,?
CCCCTTCCCTTC,?
CCCCTTCCCTTT,?
CCCCTTCCTCCC,?
CCCCTTCCTCCT,?
CCCCTTCCTCTC,?
CCCCTTCCTCTT,?
CCCCTTCCTTCC,?
CCCCTTCCTTCT,?
CCCCTTCCTTTC,?
CCCCTTCCTTTT,?
CCCCTTCTCCCC,?
CCCCTTCTCCCT,?
CCCCTTCTCCTC,?
CCCCTTCTCCTT,?
CCCCTTCTCTCC,?
CCCCTTCTCTCT,?
CCCCTTCTCTTC,?
CCCCTTCTCTTT,?
CCCCTTCTTCCC,?
CCCCTTCTTCCT,?
CCCCTTCTTCTC,?
CCCCTTCTTCTT,?
CCCCTTCTTTCC,?
CCCCTTCTTTCT,?
CCCCTTCTTTTC,?
CCCCTTCTTTTT,?
CCCCTTTCCCCC,?
CCCCTTTCCCCT,?
CCCCTTTCCCTC,?
CCCCTTTCCCTT,?
CCCCTTTCCTCC,?
CCCCTTTCCTCT,?
CCCCTTTCCTTC,?
CCCCTTTCCTTT,?
CCCCTTTCTCCC,?
CCCCTTTCTCCT,?
CCCCTTTCTCTC,?
CCCCTTTCTCTT,?
CCCCTTTCTTCC,?
CCCCTTTCTTCT,?
CCCCTTTCTTTC,?
CCCCTTTCTTTT,?
CCCCTTTTCCCT,?
CCCCTTTTCCTC,?
CCCCTTTTCCTT,?
CCCCTTTTCTCC,?
CCCCTTTTCTCT,?
CCCCTTTTCTTC,?
CCCCTTTTCTTT,?
CCCCTTTTTCCC,?
CCCCTTTTTCCT,?
CCCCTTTTTCTC,?
CCCCTTTTTCTT,?
CCCCTTTTTTCC,?
CCCCTTTTTTCT,?
CCCCTTTTTTTC,?
CCCCTTTTTTTT,?
CCCTCCCCCCCC,?
CCCTCCCCCCCT,?
CCCTCCCCCCTC,?
CCCTCCCCCCTT,?
CCCTCCCCCTCC,?
CCCTCCCCCTCT,?
CCCTCCCCCTTC,?
CCCTCCCCCTTT,?
CCCTCCCCTCCT,?
CCCTCCCCTCTC,?
CCCTCCCCTCTT,?
CCCTCCCCTTCC,?
CCCTCCCCTTCT,?
CCCTCCCCTTTC,?
CCCTCCCCTTTT,?
CCCTCCCTCCCC,?
CCCTCCCTCCCT,?
CCCTCCCTCCTC,?
CCCTCCCTCCTT,?
CCCTCCCTCTCC,?
CCCTCCCTCTCT,?
CCCTCCCTCTTC,?
CCCTCCCTCTTT,?
CCCTCCCTTCCC,?
CCCTCCCTTCCT,?
CCCTCCCTTCTC,?
CCCTCCCTTCTT,?
CCCTCCCTTTCC,?
CCCTCCCTTTCT,?
CCCTCCCTTTTC,?
CCCTCCCTTTTT,?
CCCTCCTCCCCC,?
CCCTCCTCCCCT,?
CCCTCCTCCCTC,?
CCCTCCTCCCTT,?
CCCTCCTCCTCC,?
CCCTCCTCCTCT,?
CCCTCCTCCTTC,?
CCCTCCTCCTTT,?
CCCTCCTCTCCC,?
CCCTCCTCTCCT,?
CCCTCCTCTCTC,?
CCCTCCTCTCTT,?
CCCTCCTCTTCC,?
CCCTCCTCTTCT,?
CCCTCCTCTTTC,?
CCCTCCTCTTTT,?
CCCTCCTTCCCC,?
CCCTCCTTCCCT,?
CCCTCCTTCCTC,?
CCCTCCTTCCTT,?
CCCTCCTTCTCC,?
CCCTCCTTCTCT,?
CCCTCCTTCTTC,?
CCCTCCTTCTTT,?
CCCTCCTTTCCC,?
CCCTCCTTTCCT,?
CCCTCCTTTCTC,?
CCCTCCTTTCTT,?
CCCTCCTTTTCC,?
CCCTCCTTTTCT,?
CCCTCCTTTTTC,?
CCCTCCTTTTTT,?
CCCTCTCCCCCC,?
CCCTCTCCCCCT,?
CCCTCTCCCCTC,?
CCCTCTCCCCTT,?
CCCTCTCCCTCC,?
CCCTCTCCCTCT,?
CCCTCTCCCTTC,?
CCCTCTCCCTTT,?
CCCTCTCCTCCC,?
CCCTCTCCTCCT,?
CCCTCTCCTCTC,?
CCCTCTCCTCTT,?
CCCTCTCCTTCC,?
CCCTCTCCTTCT,?
CCCTCTCCTTTC,?
CCCTCTCCTTTT,?
CCCTCTCTCCCC,?
CCCTCTCTCCCT,?
CCCTCTCTCCTC,?
CCCTCTCTCCTT,?
CCCTCTCTCTCC,?
CCCTCTCTCTCT,?
CCCTCTCTCTTC,?
CCCTCTCTCTTT,?
CCCTCTCTTCCC,?
CCCTCTCTTCCT,?
CCCTCTCTTCTC,?
CCCTCTCTTCTT,?
CCCTCTCTTTCC,?
CCCTCTCTTTCT,?
CCCTCTCTTTTC,?
CCCTCTCTTTTT,?
CCCTCTTCCCCC,?
CCCTCTTCCCCT,?
CCCTCTTCCCTC,?
CCCTCTTCCCTT,?
CCCTCTTCCTCC,?
CCCTCTTCCTCT,?
CCCTCTTCCTTC,?
CCCTCTTCCTTT,?
CCCTCTTCTCCT,?
CCCTCTTCTCTC,?
CCCTCTTCTCTT,?
CCCTCTTCTTCC,?
CCCTCTTCTTCT,?
CCCTCTTCTTTC,?
CCCTCTTCTTTT,?
CCCTCTTTCCCC,?
CCCTCTTTCCCT,?
CCCTCTTTCCTC,?
CCCTCTTTCCTT,?
CCCTCTTTCTCC,?
CCCTCTTTCTCT,?
CCCTCTTTCTTC,?
CCCTCTTTCTTT,?
CCCTCTTTTCCC,?
CCCTCTTTTCCT,?
CCCTCTTTTCTC,?
CCCTCTTTTCTT,?
CCCTCTTTTTCC,?
CCCTCTTTTTCT,?
CCCTCTTTTTTC,?
CCCTCTTTTTTT,?
CCCTTCCCCCCC,?
CCCTTCCCCCCT,?
CCCTTCCCCCTC,?
CCCTTCCCCCTT,?
CCCTTCCCCTCC,?
CCCTTCCCCTCT,?
CCCTTCCCCTTC,?
CCCTTCCCCTTT,?
CCCTTCCCTCCC,?
CCCTTCCCTCCT,?
CCCTTCCCTCTC,?
CCCTTCCCTCTT,?
CCCTTCCCTTCC,?
CCCTTCCCTTCT,?
CCCTTCCCTTTC,?
CCCTTCCCTTTT,?
CCCTTCCTCCCC,?
CCCTTCCTCCCT,?
CCCTTCCTCCTC,?
CCCTTCCTCCTT,?
CCCTTCCTCTCC,?
CCCTTCCTCTCT,?
CCCTTCCTCTTC,?
CCCTTCCTCTTT,?
CCCTTCCTTCCT,?
CCCTTCCTTCTC,?
CCCTTCCTTCTT,?
CCCTTCCTTTCC,?
CCCTTCCTTTCT,?
CCCTTCCTTTTC,?
CCCTTCCTTTTT,?
CCCTTCTCCCCC,?
CCCTTCTCCCCT,?
CCCTTCTCCCTC,?
CCCTTCTCCCTT,?
CCCTTCTCCTCC,?
CCCTTCTCCTCT,?
CCCTTCTCCTTC,?
CCCTTCTCCTTT,?
CCCTTCTCTCCC,?
CCCTTCTCTCCT,?
CCCTTCTCTCTC,?
CCCTTCTCTCTT,?
CCCTTCTCTTCC,?
CCCTTCTCTTCT,?
CCCTTCTCTTTC,?
CCCTTCTCTTTT,?
CCCTTCTTCCCC,?
CCCTTCTTCCCT,?
CCCTTCTTCCTC,?
CCCTTCTTCCTT,?
CCCTTCTTCTCC,?
CCCTTCTTCTCT,?
CCCTTCTTCTTC,?
CCCTTCTTCTTT,?
CCCTTCTTTCCC,?
CCCTTCTTTCCT,?
CCCTTCTTTCTC,?
CCCTTCTTTCTT,?
CCCTTCTTTTCC,?
CCCTTCTTTTCT,?
CCCTTCTTTTTC,?
CCCTTCTTTTTT,?
CCCTTTCCCCCC,?
CCCTTTCCCCCT,?
CCCTTTCCCCTC,?
CCCTTTCCCCTT,?
CCCTTTCCCTCC,?
CCCTTTCCCTCT,?
CCCTTTCCCTTC,?
CCCTTTCCCTTT,?
CCCTTTCCTCCC,?
CCCTTTCCTCCT,?
CCCTTTCCTCTC,?
CCCTTTCCTCTT,?
CCCTTTCCTTCC,?
CCCTTTCCTTCT,?
CCCTTTCCTTTC,?
CCCTTTCCTTTT,?
CCCTTTCTCCCC,?
CCCTTTCTCCCT,?
CCCTTTCTCCTC,?
CCCTTTCTCCTT,?
CCCTTTCTCTCC,?
CCCTTTCTCTCT,?
CCCTTTCTCTTC,?
CCCTTTCTCTTT,?
CCCTTTCTTCCC,?
CCCTTTCTTCCT,?
CCCTTTCTTCTC,?
CCCTTTCTTCTT,?
CCCTTTCTTTCC,?
CCCTTTCTTTCT,?
CCCTTTCTTTTC,?
CCCTTTCTTTTT,?
CCCTTTTCCCCC,?
CCCTTTTCCCCT,?
CCCTTTTCCCTC,?
CCCTTTTCCCTT,?
CCCTTTTCCTCC,?
CCCTTTTCCTCT,?
CCCTTTTCCTTC,?
CCCTTTTCCTTT,?
CCCTTTTCTCCC,?
CCCTTTTCTCCT,?
CCCTTTTCTCTC,?
CCCTTTTCTCTT,?
CCCTTTTCTTCC,?
CCCTTTTCTTCT,?
CCCTTTTCTTTC,?
CCCTTTTCTTTT,?
CCCTTTTTCCCC,?
CCCTTTTTCCCT,?
CCCTTTTTCCTC,?
CCCTTTTTCCTT,?
CCCTTTTTCTCC,?
CCCTTTTTCTCT,?
CCCTTTTTCTTC,?
CCCTTTTTCTTT,?
CCCTTTTTTCCT,?
CCCTTTTTTCTC,?
CCCTTTTTTCTT,?
CCCTTTTTTTCC,?
CCCTTTTTTTCT,?
CCCTTTTTTTTC,?
CCCTTTTTTTTT,?
CCTCCCCCCCCC,?
CCTCCCCCCCCT,?
CCTCCCCCCCTC,?
CCTCCCCCCCTT,?
CCTCCCCCCTCT,?
CCTCCCCCCTTC,?
CCTCCCCCCTTT,?
CCTCCCCCTCCC,?
CCTCCCCCTCCT,?
CCTCCCCCTCTC,?
CCTCCCCCTCTT,?
CCTCCCCCTTCC,?
CCTCCCCCTTCT,?
CCTCCCCCTTTC,?
CCTCCCCCTTTT,?
CCTCCCCTCCCC,?
CCTCCCCTCCCT,?
CCTCCCCTCCTC,?
CCTCCCCTCCTT,?
CCTCCCCTCTCC,?
CCTCCCCTCTCT,?
CCTCCCCTCTTC,?
CCTCCCCTCTTT,?
CCTCCCCTTCCC,?
CCTCCCCTTCCT,?
CCTCCCCTTCTC,?
CCTCCCCTTCTT,?
CCTCCCCTTTCC,?
CCTCCCCTTTCT,?
CCTCCCCTTTTC,?
CCTCCCCTTTTT,?
CCTCCCTCCCCC,?
CCTCCCTCCCCT,?
CCTCCCTCCCTC,?
CCTCCCTCCCTT,?
CCTCCCTCCTCC,?
CCTCCCTCCTCT,?
CCTCCCTCCTTC,?
CCTCCCTCCTTT,?
CCTCCCTCTCCC,?
CCTCCCTCTCCT,?
CCTCCCTCTCTC,?
CCTCCCTCTCTT,?
CCTCCCTCTTCC,?
CCTCCCTCTTCT,?
CCTCCCTCTTTC,?
CCTCCCTCTTTT,?
CCTCCCTTCCCC,?
CCTCCCTTCCCT,?
CCTCCCTTCCTC,?
CCTCCCTTCCTT,?
CCTCCCTTCTCC,?
CCTCCCTTCTCT,?
CCTCCCTTCTTC,?
CCTCCCTTCTTT,?
CCTCCCTTTCCC,?
CCTCCCTTTCCT,?
CCTCCCTTTCTC,?
CCTCCCTTTCTT,?
CCTCCCTTTTCC,?
CCTCCCTTTTCT,?
CCTCCCTTTTTC,?
CCTCCCTTTTTT,?
CCTCCTCCCCCC,?
CCTCCTCCCCCT,?
CCTCCTCCCCTC,?
CCTCCTCCCCTT,?
CCTCCTCCCTCC,?
CCTCCTCCCTCT,?
CCTCCTCCCTTC,?
CCTCCTCCCTTT,?
CCTCCTCCTCCC,?
CCTCCTCCTCCT,?
CCTCCTCCTCTC,?
CCTCCTCCTCTT,?
CCTCCTCCTTCC,?
CCTCCTCCTTCT,?
CCTCCTCCTTTC,?
CCTCCTCCTTTT,?
CCTCCTCTCCCC,?
CCTCCTCTCCCT,?
CCTCCTCTCCTC,?
CCTCCTCTCCTT,?
CCTCCTCTCTCC,?
CCTCCTCTCTCT,?
CCTCCTCTCTTC,?
CCTCCTCTCTTT,?
CCTCCTCTTCCC,?
CCTCCTCTTCCT,?
CCTCCTCTTCTC,?
CCTCCTCTTCTT,?
CCTCCTCTTTCC,?
CCTCCTCTTTCT,?
CCTCCTCTTTTC,?
CCTCCTCTTTTT,?
CCTCCTTCCCCC,?
CCTCCTTCCCCT,?
CCTCCTTCCCTC,?
CCTCCTTCCCTT,?
CCTCCTTCCTCT,?
CCTCCTTCCTTC,?
CCTCCTTCCTTT,?
CCTCCTTCTCCC,?
CCTCCTTCTCCT,?
CCTCCTTCTCTC,?
CCTCCTTCTCTT,?
CCTCCTTCTTCC,?
CCTCCTTCTTCT,?
CCTCCTTCTTTC,?
CCTCCTTCTTTT,?
CCTCCTTTCCCC,?
CCTCCTTTCCCT,?
CCTCCTTTCCTC,?
CCTCCTTTCCTT,?
CCTCCTTTCTCC,?
CCTCCTTTCTCT,?
CCTCCTTTCTTC,?
CCTCCTTTCTTT,?
CCTCCTTTTCCC,?
CCTCCTTTTCCT,?
CCTCCTTTTCTC,?
CCTCCTTTTCTT,?
CCTCCTTTTTCC,?
CCTCCTTTTTCT,?
CCTCCTTTTTTC,?
CCTCCTTTTTTT,?
CCTCTCCCCCCC,?
CCTCTCCCCCCT,?
CCTCTCCCCCTC,?
CCTCTCCCCCTT,?
CCTCTCCCCTCC,?
CCTCTCCCCTCT,?
CCTCTCCCCTTC,?
CCTCTCCCCTTT,?
CCTCTCCCTCCC,?
CCTCTCCCTCCT,?
CCTCTCCCTCTC,?
CCTCTCCCTCTT,?
CCTCTCCCTTCC,?
CCTCTCCCTTCT,?
CCTCTCCCTTTC,?
CCTCTCCCTTTT,?
CCTCTCCTCCCC,?
CCTCTCCTCCCT,?
CCTCTCCTCCTC,?
CCTCTCCTCCTT,?
CCTCTCCTCTTC,?
CCTCTCCTCTTT,?
CCTCTCCTTCCC,?
CCTCTCCTTCCT,?
CCTCTCCTTCTC,?
CCTCTCCTTCTT,?
CCTCTCCTTTCC,?
CCTCTCCTTTCT,?
CCTCTCCTTTTC,?
CCTCTCCTTTTT,?
CCTCTCTCCCCC,?
CCTCTCTCCCCT,?
CCTCTCTCCCTC,?
CCTCTCTCCCTT,?
CCTCTCTCCTCC,?
CCTCTCTCCTCT,?
CCTCTCTCCTTC,?
CCTCTCTCCTTT,?
CCTCTCTCTCCC,?
CCTCTCTCTCCT,?
CCTCTCTCTCTC,?
CCTCTCTCTCTT,?
CCTCTCTCTTCC,?
CCTCTCTCTTCT,?
CCTCTCTCTTTC,?
CCTCTCTCTTTT,?
CCTCTCTTCCCC,?
CCTCTCTTCCCT,?
CCTCTCTTCCTC,?
CCTCTCTTCCTT,?
CCTCTCTTCTCC,?
CCTCTCTTCTCT,?
CCTCTCTTCTTC,?
CCTCTCTTCTTT,?
CCTCTCTTTCCC,?
CCTCTCTTTCCT,?
CCTCTCTTTCTC,?
CCTCTCTTTCTT,?
CCTCTCTTTTCC,?
CCTCTCTTTTCT,?
CCTCTCTTTTTC,?
CCTCTCTTTTTT,?
CCTCTTCCCCCC,?
CCTCTTCCCCCT,?
CCTCTTCCCCTC,?
CCTCTTCCCCTT,?
CCTCTTCCCTCC,?
CCTCTTCCCTCT,?
CCTCTTCCCTTC,?
CCTCTTCCCTTT,?
CCTCTTCCTCCC,?
CCTCTTCCTCCT,?
CCTCTTCCTCTC,?
CCTCTTCCTCTT,?
CCTCTTCCTTCC,?
CCTCTTCCTTCT,?
CCTCTTCCTTTC,?
CCTCTTCCTTTT,?
CCTCTTCTCCCC,?
CCTCTTCTCCCT,?
CCTCTTCTCCTC,?
CCTCTTCTCCTT,?
CCTCTTCTCTCC,?
CCTCTTCTCTCT,?
CCTCTTCTCTTC,?
CCTCTTCTCTTT,?
CCTCTTCTTCCC,?
CCTCTTCTTCCT,?
CCTCTTCTTCTC,?
CCTCTTCTTCTT,?
CCTCTTCTTTCC,?
CCTCTTCTTTCT,?
CCTCTTCTTTTC,?
CCTCTTCTTTTT,?
CCTCTTTCCCCC,?
CCTCTTTCCCCT,?
CCTCTTTCCCTC,?
CCTCTTTCCCTT,?
CCTCTTTCCTCC,?
CCTCTTTCCTCT,?
CCTCTTTCCTTC,?
CCTCTTTCCTTT,?
CCTCTTTCTCCC,?
CCTCTTTCTCCT,?
CCTCTTTCTCTC,?
CCTCTTTCTCTT,?
CCTCTTTCTTCC,?
CCTCTTTCTTCT,?
CCTCTTTCTTTC,?
CCTCTTTCTTTT,?
CCTCTTTTCCCC,?
CCTCTTTTCCCT,?
CCTCTTTTCCTC,?
CCTCTTTTCCTT,?
CCTCTTTTCTCT,?
CCTCTTTTCTTC,?
CCTCTTTTCTTT,?
CCTCTTTTTCCC,?
CCTCTTTTTCCT,?
CCTCTTTTTCTC,?
CCTCTTTTTCTT,?
CCTCTTTTTTCC,?
CCTCTTTTTTCT,?
CCTCTTTTTTTC,?
CCTCTTTTTTTT,?
CCTTCCCCCCCC,?
CCTTCCCCCCTC,?
CCTTCCCCCCTT,?
CCTTCCCCCTCC,?
CCTTCCCCCTCT,?
CCTTCCCCCTTC,?
CCTTCCCCCTTT,?
CCTTCCCCTCCC,?
CCTTCCCCTCCT,?
CCTTCCCCTCTC,?
CCTTCCCCTCTT,?
CCTTCCCCTTCT,?
CCTTCCCCTTTC,?
CCTTCCCCTTTT,?
CCTTCCCTCCCC,?
CCTTCCCTCCCT,?
CCTTCCCTCCTC,?
CCTTCCCTCCTT,?
CCTTCCCTCTCC,?
CCTTCCCTCTCT,?
CCTTCCCTCTTC,?
CCTTCCCTCTTT,?
CCTTCCCTTCCC,?
CCTTCCCTTCCT,?
CCTTCCCTTCTC,?
CCTTCCCTTCTT,?
CCTTCCCTTTCC,?
CCTTCCCTTTCT,?
CCTTCCCTTTTC,?
CCTTCCCTTTTT,?
CCTTCCTCCCCC,?
CCTTCCTCCCCT,?
CCTTCCTCCCTC,?
CCTTCCTCCCTT,?
CCTTCCTCCTCC,?
CCTTCCTCCTCT,?
CCTTCCTCCTTC,?
CCTTCCTCCTTT,?
CCTTCCTCTCCC,?
CCTTCCTCTCCT,?
CCTTCCTCTCTC,?
CCTTCCTCTCTT,?
CCTTCCTCTTCC,?
CCTTCCTCTTCT,?
CCTTCCTCTTTC,?
CCTTCCTCTTTT,?
CCTTCCTTCCCC,?
CCTTCCTTCCCT,?
CCTTCCTTCCTC,?
CCTTCCTTCCTT,?
CCTTCCTTCTCC,?
CCTTCCTTCTCT,?
CCTTCCTTCTTC,?
CCTTCCTTCTTT,?
CCTTCCTTTCCC,?
CCTTCCTTTCCT,?
CCTTCCTTTCTC,?
CCTTCCTTTCTT,?
CCTTCCTTTTCC,?
CCTTCCTTTTCT,?
CCTTCCTTTTTC,?
CCTTCCTTTTTT,?
CCTTCTCCCCCC,?
CCTTCTCCCCCT,?
CCTTCTCCCCTC,?
CCTTCTCCCCTT,?
CCTTCTCCCTCC,?
CCTTCTCCCTCT,?
CCTTCTCCCTTC,?
CCTTCTCCCTTT,?
CCTTCTCCTCCC,?
CCTTCTCCTCCT,?
CCTTCTCCTCTC,?
CCTTCTCCTCTT,?
CCTTCTCCTTCC,?
CCTTCTCCTTCT,?
CCTTCTCCTTTC,?
CCTTCTCCTTTT,?
CCTTCTCTCCCC,?
CCTTCTCTCCCT,?
CCTTCTCTCCTC,?
CCTTCTCTCCTT,?
CCTTCTCTCTCC,?
CCTTCTCTCTCT,?
CCTTCTCTCTTC,?
CCTTCTCTCTTT,?
CCTTCTCTTCCC,?
CCTTCTCTTCCT,?
CCTTCTCTTCTC,?
CCTTCTCTTCTT,?
CCTTCTCTTTCC,?
CCTTCTCTTTCT,?
CCTTCTCTTTTC,?
CCTTCTCTTTTT,?
CCTTCTTCCCCC,?
CCTTCTTCCCCT,?
CCTTCTTCCCTC,?
CCTTCTTCCCTT,?
CCTTCTTCCTCC,?
CCTTCTTCCTCT,?
CCTTCTTCCTTC,?
CCTTCTTCCTTT,?
CCTTCTTCTCCC,?
CCTTCTTCTCCT,?
CCTTCTTCTCTC,?
CCTTCTTCTCTT,?
CCTTCTTCTTCT,?
CCTTCTTCTTTC,?
CCTTCTTCTTTT,?
CCTTCTTTCCCC,?
CCTTCTTTCCCT,?
CCTTCTTTCCTC,?
CCTTCTTTCCTT,?
CCTTCTTTCTCC,?
CCTTCTTTCTCT,?
CCTTCTTTCTTC,?
CCTTCTTTCTTT,?
CCTTCTTTTCCC,?
CCTTCTTTTCCT,?
CCTTCTTTTCTC,?
CCTTCTTTTCTT,?
CCTTCTTTTTCC,?
CCTTCTTTTTCT,?
CCTTCTTTTTTC,?
CCTTCTTTTTTT,?
CCTTTCCCCCCC,?
CCTTTCCCCCTC,?
CCTTTCCCCCTT,?
CCTTTCCCCTCC,?
CCTTTCCCCTCT,?
CCTTTCCCCTTC,?
CCTTTCCCCTTT,?
CCTTTCCCTCCC,?
CCTTTCCCTCCT,?
CCTTTCCCTCTC,?
CCTTTCCCTCTT,?
CCTTTCCCTTCC,?
CCTTTCCCTTCT,?
CCTTTCCCTTTC,?
CCTTTCCCTTTT,?
CCTTTCCTCCCC,?
CCTTTCCTCCCT,?
CCTTTCCTCCTC,?
CCTTTCCTCCTT,?
CCTTTCCTCTCC,?
CCTTTCCTCTCT,?
CCTTTCCTCTTC,?
CCTTTCCTCTTT,?
CCTTTCCTTCCC,?
CCTTTCCTTCCT,?
CCTTTCCTTCTC,?
CCTTTCCTTCTT,?
CCTTTCCTTTCT,?
CCTTTCCTTTTC,?
CCTTTCCTTTTT,?
CCTTTCTCCCCC,?
CCTTTCTCCCCT,?
CCTTTCTCCCTC,?
CCTTTCTCCCTT,?
CCTTTCTCCTCC,?
CCTTTCTCCTCT,?
CCTTTCTCCTTC,?
CCTTTCTCCTTT,?
CCTTTCTCTCCC,?
CCTTTCTCTCCT,?
CCTTTCTCTCTC,?
CCTTTCTCTCTT,?
CCTTTCTCTTCC,?
CCTTTCTCTTCT,?
CCTTTCTCTTTC,?
CCTTTCTCTTTT,?
CCTTTCTTCCCC,?
CCTTTCTTCCCT,?
CCTTTCTTCCTC,?
CCTTTCTTCCTT,?
CCTTTCTTCTCC,?
CCTTTCTTCTCT,?
CCTTTCTTCTTC,?
CCTTTCTTCTTT,?
CCTTTCTTTCCC,?
CCTTTCTTTCCT,?
CCTTTCTTTCTC,?
CCTTTCTTTCTT,?
CCTTTCTTTTCC,?
CCTTTCTTTTCT,?
CCTTTCTTTTTC,?
CCTTTCTTTTTT,?
CCTTTTCCCCCC,?
CCTTTTCCCCCT,?
CCTTTTCCCCTC,?
CCTTTTCCCCTT,?
CCTTTTCCCTCC,?
CCTTTTCCCTCT,?
CCTTTTCCCTTC,?
CCTTTTCCCTTT,?
CCTTTTCCTCCC,?
CCTTTTCCTCCT,?
CCTTTTCCTCTC,?
CCTTTTCCTCTT,?
CCTTTTCCTTCC,?
CCTTTTCCTTCT,?
CCTTTTCCTTTC,?
CCTTTTCCTTTT,?
CCTTTTCTCCCC,?
CCTTTTCTCCCT,?
CCTTTTCTCCTC,?
CCTTTTCTCCTT,?
CCTTTTCTCTCC,?
CCTTTTCTCTCT,?
CCTTTTCTCTTC,?
CCTTTTCTCTTT,?
CCTTTTCTTCCC,?
CCTTTTCTTCCT,?
CCTTTTCTTCTC,?
CCTTTTCTTCTT,?
CCTTTTCTTTCC,?
CCTTTTCTTTCT,?
CCTTTTCTTTTC,?
CCTTTTCTTTTT,?
CCTTTTTCCCCC,?
CCTTTTTCCCCT,?
CCTTTTTCCCTC,?
CCTTTTTCCCTT,?
CCTTTTTCCTCC,?
CCTTTTTCCTCT,?
CCTTTTTCCTTC,?
CCTTTTTCCTTT,?
CCTTTTTCTCCC,?
CCTTTTTCTCCT,?
CCTTTTTCTCTC,?
CCTTTTTCTCTT,?
CCTTTTTCTTCC,?
CCTTTTTCTTCT,?
CCTTTTTCTTTC,?
CCTTTTTCTTTT,?
CCTTTTTTCCCC,?
CCTTTTTTCCCT,?
CCTTTTTTCCTC,?
CCTTTTTTCCTT,?
CCTTTTTTCTCC,?
CCTTTTTTCTCT,?
CCTTTTTTCTTC,?
CCTTTTTTCTTT,?
CCTTTTTTTCCC,?
CCTTTTTTTCCT,?
CCTTTTTTTCTC,?
CCTTTTTTTCTT,?
CCTTTTTTTTCT,?
CCTTTTTTTTTC,?
CCTTTTTTTTTT,?
CTCCCCCCCCCC,?
CTCCCCCCCCCT,?
CTCCCCCCCCTT,?
CTCCCCCCCTCC,?
CTCCCCCCCTCT,?
CTCCCCCCCTTC,?
CTCCCCCCCTTT,?
CTCCCCCCTCCC,?
CTCCCCCCTCCT,?
CTCCCCCCTCTC,?
CTCCCCCCTCTT,?
CTCCCCCCTTCC,?
CTCCCCCCTTCT,?
CTCCCCCCTTTC,?
CTCCCCCCTTTT,?
CTCCCCCTCCCC,?
CTCCCCCTCCCT,?
CTCCCCCTCCTC,?
CTCCCCCTCCTT,?
CTCCCCCTCTCC,?
CTCCCCCTCTCT,?
CTCCCCCTCTTC,?
CTCCCCCTCTTT,?
CTCCCCCTTCCC,?
CTCCCCCTTCCT,?
CTCCCCCTTCTC,?
CTCCCCCTTCTT,?
CTCCCCCTTTCC,?
CTCCCCCTTTCT,?
CTCCCCCTTTTC,?
CTCCCCCTTTTT,?
CTCCCCTCCCCC,?
CTCCCCTCCCCT,?
CTCCCCTCCCTC,?
CTCCCCTCCCTT,?
CTCCCCTCCTCC,?
CTCCCCTCCTCT,?
CTCCCCTCCTTC,?
CTCCCCTCCTTT,?
CTCCCCTCTCCC,?
CTCCCCTCTCCT,?
CTCCCCTCTCTC,?
CTCCCCTCTCTT,?
CTCCCCTCTTCC,?
CTCCCCTCTTCT,?
CTCCCCTCTTTC,?
CTCCCCTCTTTT,?
CTCCCCTTCCCC,?
CTCCCCTTCCCT,?
CTCCCCTTCCTC,?
CTCCCCTTCCTT,?
CTCCCCTTCTCC,?
CTCCCCTTCTCT,?
CTCCCCTTCTTC,?
CTCCCCTTCTTT,?
CTCCCCTTTCCC,?
CTCCCCTTTCCT,?
CTCCCCTTTCTC,?
CTCCCCTTTCTT,?
CTCCCCTTTTCC,?
CTCCCCTTTTCT,?
CTCCCCTTTTTC,?
CTCCCCTTTTTT,?
CTCCCTCCCCCC,?
CTCCCTCCCCTC,?
CTCCCTCCCCTT,?
CTCCCTCCCTCC,?
CTCCCTCCCTCT,?
CTCCCTCCCTTC,?
CTCCCTCCCTTT,?
CTCCCTCCTCCC,?
CTCCCTCCTCCT,?
CTCCCTCCTCTC,?
CTCCCTCCTCTT,?
CTCCCTCCTTCC,?
CTCCCTCCTTCT,?
CTCCCTCCTTTC,?
CTCCCTCCTTTT,?
CTCCCTCTCCCC,?
CTCCCTCTCCCT,?
CTCCCTCTCCTC,?
CTCCCTCTCCTT,?
CTCCCTCTCTCC,?
CTCCCTCTCTCT,?
CTCCCTCTCTTC,?
CTCCCTCTCTTT,?
CTCCCTCTTCCC,?
CTCCCTCTTCCT,?
CTCCCTCTTCTC,?
CTCCCTCTTCTT,?
CTCCCTCTTTCC,?
CTCCCTCTTTCT,?
CTCCCTCTTTTC,?
CTCCCTCTTTTT,?
CTCCCTTCCCCC,?
CTCCCTTCCCCT,?
CTCCCTTCCCTT,?
CTCCCTTCCTCC,?
CTCCCTTCCTCT,?
CTCCCTTCCTTC,?
CTCCCTTCCTTT,?
CTCCCTTCTCCC,?
CTCCCTTCTCCT,?
CTCCCTTCTCTC,?
CTCCCTTCTCTT,?
CTCCCTTCTTCC,?
CTCCCTTCTTCT,?
CTCCCTTCTTTC,?
CTCCCTTCTTTT,?
CTCCCTTTCCCC,?
CTCCCTTTCCCT,?
CTCCCTTTCCTC,?
CTCCCTTTCCTT,?
CTCCCTTTCTCC,?
CTCCCTTTCTCT,?
CTCCCTTTCTTC,?
CTCCCTTTCTTT,?
CTCCCTTTTCCC,?
CTCCCTTTTCCT,?
CTCCCTTTTCTC,?
CTCCCTTTTCTT,?
CTCCCTTTTTCC,?
CTCCCTTTTTCT,?
CTCCCTTTTTTC,?
CTCCCTTTTTTT,?
CTCCTCCCCCCC,?
CTCCTCCCCCCT,?
CTCCTCCCCCTC,?
CTCCTCCCCCTT,?
CTCCTCCCCTCC,?
CTCCTCCCCTCT,?
CTCCTCCCCTTC,?
CTCCTCCCCTTT,?
CTCCTCCCTCCC,?
CTCCTCCCTCCT,?
CTCCTCCCTCTC,?
CTCCTCCCTCTT,?
CTCCTCCCTTCC,?
CTCCTCCCTTCT,?
CTCCTCCCTTTC,?
CTCCTCCCTTTT,?
CTCCTCCTCCCC,?
CTCCTCCTCCCT,?
CTCCTCCTCCTT,?
CTCCTCCTCTCC,?
CTCCTCCTCTCT,?
CTCCTCCTCTTC,?
CTCCTCCTCTTT,?
CTCCTCCTTCCC,?
CTCCTCCTTCCT,?
CTCCTCCTTCTC,?
CTCCTCCTTCTT,?
CTCCTCCTTTCC,?
CTCCTCCTTTCT,?
CTCCTCCTTTTC,?
CTCCTCCTTTTT,?
CTCCTCTCCCCC,?
CTCCTCTCCCCT,?
CTCCTCTCCCTC,?
CTCCTCTCCCTT,?
CTCCTCTCCTCC,?
CTCCTCTCCTCT,?
CTCCTCTCCTTC,?
CTCCTCTCCTTT,?
CTCCTCTCTCCC,?
CTCCTCTCTCCT,?
CTCCTCTCTCTC,?
CTCCTCTCTCTT,?
CTCCTCTCTTCC,?
CTCCTCTCTTCT,?
CTCCTCTCTTTC,?
CTCCTCTCTTTT,?
CTCCTCTTCCCC,?
CTCCTCTTCCCT,?
CTCCTCTTCCTC,?
CTCCTCTTCCTT,?
CTCCTCTTCTCC,?
CTCCTCTTCTCT,?
CTCCTCTTCTTC,?
CTCCTCTTCTTT,?
CTCCTCTTTCCC,?
CTCCTCTTTCCT,?
CTCCTCTTTCTC,?
CTCCTCTTTCTT,?
CTCCTCTTTTCC,?
CTCCTCTTTTCT,?
CTCCTCTTTTTC,?
CTCCTCTTTTTT,?
CTCCTTCCCCCC,?
CTCCTTCCCCCT,?
CTCCTTCCCCTC,?
CTCCTTCCCCTT,?
CTCCTTCCCTCC,?
CTCCTTCCCTCT,?
CTCCTTCCCTTC,?
CTCCTTCCCTTT,?
CTCCTTCCTCCC,?
CTCCTTCCTCCT,?
CTCCTTCCTCTC,?
CTCCTTCCTCTT,?
CTCCTTCCTTCC,?
CTCCTTCCTTCT,?
CTCCTTCCTTTC,?
CTCCTTCCTTTT,?
CTCCTTCTCCCC,?
CTCCTTCTCCCT,?
CTCCTTCTCCTC,?
CTCCTTCTCCTT,?
CTCCTTCTCTCC,?
CTCCTTCTCTCT,?
CTCCTTCTCTTC,?
CTCCTTCTCTTT,?
CTCCTTCTTCCC,?
CTCCTTCTTCCT,?
CTCCTTCTTCTC,?
CTCCTTCTTCTT,?
CTCCTTCTTTCC,?
CTCCTTCTTTCT,?
CTCCTTCTTTTC,?
CTCCTTCTTTTT,?
CTCCTTTCCCCC,?
CTCCTTTCCCCT,?
CTCCTTTCCCTC,?
CTCCTTTCCCTT,?
CTCCTTTCCTCC,?
CTCCTTTCCTCT,?
CTCCTTTCCTTC,?
CTCCTTTCCTTT,?
CTCCTTTCTCCC,?
CTCCTTTCTCCT,?
CTCCTTTCTCTC,?
CTCCTTTCTCTT,?
CTCCTTTCTTCC,?
CTCCTTTCTTCT,?
CTCCTTTCTTTC,?
CTCCTTTCTTTT,?
CTCCTTTTCCCC,?
CTCCTTTTCCCT,?
CTCCTTTTCCTT,?
CTCCTTTTCTCC,?
CTCCTTTTCTCT,?
CTCCTTTTCTTC,?
CTCCTTTTCTTT,?
CTCCTTTTTCCC,?
CTCCTTTTTCCT,?
CTCCTTTTTCTC,?
CTCCTTTTTCTT,?
CTCCTTTTTTCC,?
CTCCTTTTTTCT,?
CTCCTTTTTTTC,?
CTCCTTTTTTTT,?
CTCTCCCCCCCC,?
CTCTCCCCCCCT,?
CTCTCCCCCCTC,?
CTCTCCCCCCTT,?
CTCTCCCCCTCC,?
CTCTCCCCCTCT,?
CTCTCCCCCTTC,?
CTCTCCCCCTTT,?
CTCTCCCCTCCC,?
CTCTCCCCTCCT,?
CTCTCCCCTCTT,?
CTCTCCCCTTCC,?
CTCTCCCCTTCT,?
CTCTCCCCTTTC,?
CTCTCCCCTTTT,?
CTCTCCCTCCCC,?
CTCTCCCTCCCT,?
CTCTCCCTCCTC,?
CTCTCCCTCCTT,?
CTCTCCCTCTCC,?
CTCTCCCTCTCT,?
CTCTCCCTCTTC,?
CTCTCCCTCTTT,?
CTCTCCCTTCCC,?
CTCTCCCTTCCT,?
CTCTCCCTTCTC,?
CTCTCCCTTCTT,?
CTCTCCCTTTCC,?
CTCTCCCTTTCT,?
CTCTCCCTTTTC,?
CTCTCCCTTTTT,?
CTCTCCTCCCCC,?
CTCTCCTCCCCT,?
CTCTCCTCCCTC,?
CTCTCCTCCCTT,?
CTCTCCTCCTCC,?
CTCTCCTCCTCT,?
CTCTCCTCCTTC,?
CTCTCCTCCTTT,?
CTCTCCTCTCCC,?
CTCTCCTCTCCT,?
CTCTCCTCTCTC,?
CTCTCCTCTCTT,?
CTCTCCTCTTCC,?
CTCTCCTCTTCT,?
CTCTCCTCTTTC,?
CTCTCCTCTTTT,?
CTCTCCTTCCCC,?
CTCTCCTTCCCT,?
CTCTCCTTCCTC,?
CTCTCCTTCCTT,?
CTCTCCTTCTCC,?
CTCTCCTTCTCT,?
CTCTCCTTCTTC,?
CTCTCCTTCTTT,?
CTCTCCTTTCCC,?
CTCTCCTTTCCT,?
CTCTCCTTTCTC,?
CTCTCCTTTCTT,?
CTCTCCTTTTCC,?
CTCTCCTTTTCT,?
CTCTCCTTTTTC,?
CTCTCCTTTTTT,?
CTCTCTCCCCCC,?
CTCTCTCCCCCT,?
CTCTCTCCCCTC,?
CTCTCTCCCCTT,?
CTCTCTCCCTCC,?
CTCTCTCCCTCT,?
CTCTCTCCCTTC,?
CTCTCTCCCTTT,?
CTCTCTCCTCCC,?
CTCTCTCCTCCT,?
CTCTCTCCTCTC,?
CTCTCTCCTCTT,?
CTCTCTCCTTCC,?
CTCTCTCCTTCT,?
CTCTCTCCTTTC,?
CTCTCTCCTTTT,?
CTCTCTCTCCCC,?
CTCTCTCTCCCT,?
CTCTCTCTCCTC,?
CTCTCTCTCCTT,?
CTCTCTCTCTCC,?
CTCTCTCTCTCT,?
CTCTCTCTCTTC,?
CTCTCTCTCTTT,?
CTCTCTCTTCCC,?
CTCTCTCTTCCT,?
CTCTCTCTTCTC,?
CTCTCTCTTCTT,?
CTCTCTCTTTCC,?
CTCTCTCTTTCT,?
CTCTCTCTTTTC,?
CTCTCTCTTTTT,?
CTCTCTTCCCCC,?
CTCTCTTCCCCT,?
CTCTCTTCCCTC,?
CTCTCTTCCCTT,?
CTCTCTTCCTCC,?
CTCTCTTCCTCT,?
CTCTCTTCCTTC,?
CTCTCTTCCTTT,?
CTCTCTTCTCCC,?
CTCTCTTCTCCT,?
CTCTCTTCTCTT,?
CTCTCTTCTTCC,?
CTCTCTTCTTCT,?
CTCTCTTCTTTC,?
CTCTCTTCTTTT,?
CTCTCTTTCCCC,?
CTCTCTTTCCCT,?
CTCTCTTTCCTC,?
CTCTCTTTCCTT,?
CTCTCTTTCTCC,?
CTCTCTTTCTCT,?
CTCTCTTTCTTC,?
CTCTCTTTCTTT,?
CTCTCTTTTCCC,?
CTCTCTTTTCCT,?
CTCTCTTTTCTC,?
CTCTCTTTTCTT,?
CTCTCTTTTTCC,?
CTCTCTTTTTCT,?
CTCTCTTTTTTC,?
CTCTCTTTTTTT,?
CTCTTCCCCCCC,?
CTCTTCCCCCCT,?
CTCTTCCCCCTC,?
CTCTTCCCCCTT,?
CTCTTCCCCTCC,?
CTCTTCCCCTCT,?
CTCTTCCCCTTC,?
CTCTTCCCCTTT,?
CTCTTCCCTCCC,?
CTCTTCCCTCCT,?
CTCTTCCCTCTC,?
CTCTTCCCTCTT,?
CTCTTCCCTTCC,?
CTCTTCCCTTCT,?
CTCTTCCCTTTC,?
CTCTTCCCTTTT,?
CTCTTCCTCCCC,?
CTCTTCCTCCCT,?
CTCTTCCTCCTC,?
CTCTTCCTCCTT,?
CTCTTCCTCTCC,?
CTCTTCCTCTCT,?
CTCTTCCTCTTC,?
CTCTTCCTCTTT,?
CTCTTCCTTCCC,?
CTCTTCCTTCCT,?
CTCTTCCTTCTT,?
CTCTTCCTTTCC,?
CTCTTCCTTTCT,?
CTCTTCCTTTTC,?
CTCTTCCTTTTT,?
CTCTTCTCCCCC,?
CTCTTCTCCCCT,?
CTCTTCTCCCTC,?
CTCTTCTCCCTT,?
CTCTTCTCCTCC,?
CTCTTCTCCTCT,?
CTCTTCTCCTTC,?
CTCTTCTCCTTT,?
CTCTTCTCTCCC,?
CTCTTCTCTCCT,?
CTCTTCTCTCTC,?
CTCTTCTCTCTT,?
CTCTTCTCTTCC,?
CTCTTCTCTTCT,?
CTCTTCTCTTTC,?
CTCTTCTCTTTT,?
CTCTTCTTCCCC,?
CTCTTCTTCCCT,?
CTCTTCTTCCTC,?
CTCTTCTTCCTT,?
CTCTTCTTCTCC,?
CTCTTCTTCTCT,?
CTCTTCTTCTTC,?
CTCTTCTTCTTT,?
CTCTTCTTTCCC,?
CTCTTCTTTCCT,?
CTCTTCTTTCTC,?
CTCTTCTTTCTT,?
CTCTTCTTTTCC,?
CTCTTCTTTTCT,?
CTCTTCTTTTTC,?
CTCTTCTTTTTT,?
CTCTTTCCCCCC,?
CTCTTTCCCCCT,?
CTCTTTCCCCTC,?
CTCTTTCCCCTT,?
CTCTTTCCCTCC,?
CTCTTTCCCTCT,?
CTCTTTCCCTTC,?
CTCTTTCCCTTT,?
CTCTTTCCTCCC,?
CTCTTTCCTCCT,?
CTCTTTCCTCTC,?
CTCTTTCCTCTT,?
CTCTTTCCTTCC,?
CTCTTTCCTTCT,?
CTCTTTCCTTTC,?
CTCTTTCCTTTT,?
CTCTTTCTCCCC,?
CTCTTTCTCCCT,?
CTCTTTCTCCTC,?
CTCTTTCTCCTT,?
CTCTTTCTCTCC,?
CTCTTTCTCTCT,?
CTCTTTCTCTTC,?
CTCTTTCTCTTT,?
CTCTTTCTTCCC,?
CTCTTTCTTCCT,?
CTCTTTCTTCTC,?
CTCTTTCTTCTT,?
CTCTTTCTTTCC,?
CTCTTTCTTTCT,?
CTCTTTCTTTTC,?
CTCTTTCTTTTT,?
CTCTTTTCCCCC,?
CTCTTTTCCCCT,?
CTCTTTTCCCTC,?
CTCTTTTCCCTT,?
CTCTTTTCCTCC,?
CTCTTTTCCTCT,?
CTCTTTTCCTTC,?
CTCTTTTCCTTT,?
CTCTTTTCTCCC,?
CTCTTTTCTCCT,?
CTCTTTTCTCTC,?
CTCTTTTCTCTT,?
CTCTTTTCTTCC,?
CTCTTTTCTTCT,?
CTCTTTTCTTTC,?
CTCTTTTCTTTT,?
CTCTTTTTCCCC,?
CTCTTTTTCCCT,?
CTCTTTTTCCTC,?
CTCTTTTTCCTT,?
CTCTTTTTCTCC,?
CTCTTTTTCTCT,?
CTCTTTTTCTTC,?
CTCTTTTTCTTT,?
CTCTTTTTTCCC,?
CTCTTTTTTCCT,?
CTCTTTTTTCTT,?
CTCTTTTTTTCC,?
CTCTTTTTTTCT,?
CTCTTTTTTTTC,?
CTCTTTTTTTTT,?
CTTCCCCCCCTC,?
CTTCCCCCCCTT,?
CTTCCCCCCTCC,?
CTTCCCCCCTCT,?
CTTCCCCCCTTT,?
CTTCCCCCTCCC,?
CTTCCCCCTCCT,?
CTTCCCCCTCTC,?
CTTCCCCCTCTT,?
CTTCCCCCTTCC,?
CTTCCCCCTTCT,?
CTTCCCCCTTTC,?
CTTCCCCCTTTT,?
CTTCCCCTCCCC,?
CTTCCCCTCCCT,?
CTTCCCCTCCTC,?
CTTCCCCTCCTT,?
CTTCCCCTCTCC,?
CTTCCCCTCTCT,?
CTTCCCCTCTTC,?
CTTCCCCTCTTT,?
CTTCCCCTTCCC,?
CTTCCCCTTCCT,?
CTTCCCCTTCTC,?
CTTCCCCTTCTT,?
CTTCCCCTTTCC,?
CTTCCCCTTTCT,?
CTTCCCCTTTTC,?
CTTCCCCTTTTT,?
CTTCCCTCCCCC,?
CTTCCCTCCCCT,?
CTTCCCTCCCTC,?
CTTCCCTCCCTT,?
CTTCCCTCCTCC,?
CTTCCCTCCTCT,?
CTTCCCTCCTTC,?
CTTCCCTCCTTT,?
CTTCCCTCTCCC,?
CTTCCCTCTCCT,?
CTTCCCTCTCTC,?
CTTCCCTCTCTT,?
CTTCCCTCTTCC,?
CTTCCCTCTTCT,?
CTTCCCTCTTTC,?
CTTCCCTCTTTT,?
CTTCCCTTCCCC,?
CTTCCCTTCCCT,?
CTTCCCTTCCTC,?
CTTCCCTTCCTT,?
CTTCCCTTCTCC,?
CTTCCCTTCTCT,?
CTTCCCTTCTTC,?
CTTCCCTTCTTT,?
CTTCCCTTTCCC,?
CTTCCCTTTCCT,?
CTTCCCTTTCTC,?
CTTCCCTTTCTT,?
CTTCCCTTTTCC,?
CTTCCCTTTTCT,?
CTTCCCTTTTTC,?
CTTCCCTTTTTT,?
CTTCCTCCCCCC,?
CTTCCTCCCCCT,?
CTTCCTCCCCTC,?
CTTCCTCCCCTT,?
CTTCCTCCCTCC,?
CTTCCTCCCTCT,?
CTTCCTCCCTTC,?
CTTCCTCCCTTT,?
CTTCCTCCTCCC,?
CTTCCTCCTCCT,?
CTTCCTCCTCTC,?
CTTCCTCCTCTT,?
CTTCCTCCTTCC,?
CTTCCTCCTTCT,?
CTTCCTCCTTTC,?
CTTCCTCCTTTT,?
CTTCCTCTCCCC,?
CTTCCTCTCCCT,?
CTTCCTCTCCTC,?
CTTCCTCTCCTT,?
CTTCCTCTCTCC,?
CTTCCTCTCTCT,?
CTTCCTCTCTTC,?
CTTCCTCTCTTT,?
CTTCCTCTTCCC,?
CTTCCTCTTCCT,?
CTTCCTCTTCTC,?
CTTCCTCTTCTT,?
CTTCCTCTTTCC,?
CTTCCTCTTTCT,?
CTTCCTCTTTTC,?
CTTCCTCTTTTT,?
CTTCCTTCCCCC,?
CTTCCTTCCCCT,?
CTTCCTTCCCTC,?
CTTCCTTCCCTT,?
CTTCCTTCCTCC,?
CTTCCTTCCTCT,?
CTTCCTTCCTTT,?
CTTCCTTCTCCC,?
CTTCCTTCTCCT,?
CTTCCTTCTCTC,?
CTTCCTTCTCTT,?
CTTCCTTCTTCC,?
CTTCCTTCTTCT,?
CTTCCTTCTTTC,?
CTTCCTTCTTTT,?
CTTCCTTTCCCC,?
CTTCCTTTCCCT,?
CTTCCTTTCCTC,?
CTTCCTTTCCTT,?
CTTCCTTTCTCC,?
CTTCCTTTCTCT,?
CTTCCTTTCTTC,?
CTTCCTTTCTTT,?
CTTCCTTTTCCC,?
CTTCCTTTTCCT,?
CTTCCTTTTCTC,?
CTTCCTTTTCTT,?
CTTCCTTTTTCC,?
CTTCCTTTTTCT,?
CTTCCTTTTTTC,?
CTTCCTTTTTTT,?
CTTCTCCCCCCC,?
CTTCTCCCCCCT,?
CTTCTCCCCCTC,?
CTTCTCCCCCTT,?
CTTCTCCCCTCC,?
CTTCTCCCCTCT,?
CTTCTCCCCTTC,?
CTTCTCCCCTTT,?
CTTCTCCCTCCC,?
CTTCTCCCTCCT,?
CTTCTCCCTCTC,?
CTTCTCCCTCTT,?
CTTCTCCCTTCC,?
CTTCTCCCTTCT,?
CTTCTCCCTTTC,?
CTTCTCCCTTTT,?
CTTCTCCTCCCC,?
CTTCTCCTCCCT,?
CTTCTCCTCCTC,?
CTTCTCCTCCTT,?
CTTCTCCTCTCC,?
CTTCTCCTCTCT,?
CTTCTCCTCTTT,?
CTTCTCCTTCCC,?
CTTCTCCTTCCT,?
CTTCTCCTTCTC,?
CTTCTCCTTCTT,?
CTTCTCCTTTCC,?
CTTCTCCTTTCT,?
CTTCTCCTTTTC,?
CTTCTCCTTTTT,?
CTTCTCTCCCCC,?
CTTCTCTCCCCT,?
CTTCTCTCCCTC,?
CTTCTCTCCCTT,?
CTTCTCTCCTCC,?
CTTCTCTCCTCT,?
CTTCTCTCCTTC,?
CTTCTCTCCTTT,?
CTTCTCTCTCCC,?
CTTCTCTCTCCT,?
CTTCTCTCTCTC,?
CTTCTCTCTCTT,?
CTTCTCTCTTCC,?
CTTCTCTCTTCT,?
CTTCTCTCTTTC,?
CTTCTCTCTTTT,?
CTTCTCTTCCCC,?
CTTCTCTTCCCT,?
CTTCTCTTCCTC,?
CTTCTCTTCCTT,?
CTTCTCTTCTCC,?
CTTCTCTTCTCT,?
CTTCTCTTCTTC,?
CTTCTCTTCTTT,?
CTTCTCTTTCCC,?
CTTCTCTTTCCT,?
CTTCTCTTTCTC,?
CTTCTCTTTCTT,?
CTTCTCTTTTCC,?
CTTCTCTTTTCT,?
CTTCTCTTTTTC,?
CTTCTCTTTTTT,?
CTTCTTCCCCCC,?
CTTCTTCCCCCT,?
CTTCTTCCCCTC,?
CTTCTTCCCCTT,?
CTTCTTCCCTCC,?
CTTCTTCCCTCT,?
CTTCTTCCCTTC,?
CTTCTTCCCTTT,?
CTTCTTCCTCCC,?
CTTCTTCCTCCT,?
CTTCTTCCTCTC,?
CTTCTTCCTCTT,?
CTTCTTCCTTCC,?
CTTCTTCCTTCT,?
CTTCTTCCTTTC,?
CTTCTTCCTTTT,?
CTTCTTCTCCCC,?
CTTCTTCTCCCT,?
CTTCTTCTCCTC,?
CTTCTTCTCCTT,?
CTTCTTCTCTCC,?
CTTCTTCTCTCT,?
CTTCTTCTCTTC,?
CTTCTTCTCTTT,?
CTTCTTCTTCCC,?
CTTCTTCTTCCT,?
CTTCTTCTTCTC,?
CTTCTTCTTCTT,?
CTTCTTCTTTCC,?
CTTCTTCTTTCT,?
CTTCTTCTTTTC,?
CTTCTTCTTTTT,?
CTTCTTTCCCCC,?
CTTCTTTCCCCT,?
CTTCTTTCCCTC,?
CTTCTTTCCCTT,?
CTTCTTTCCTCC,?
CTTCTTTCCTCT,?
CTTCTTTCCTTC,?
CTTCTTTCCTTT,?
CTTCTTTCTCCC,?
CTTCTTTCTCCT,?
CTTCTTTCTCTC,?
CTTCTTTCTCTT,?
CTTCTTTCTTCC,?
CTTCTTTCTTCT,?
CTTCTTTCTTTC,?
CTTCTTTCTTTT,?
CTTCTTTTCCCC,?
CTTCTTTTCCCT,?
CTTCTTTTCCTC,?
CTTCTTTTCCTT,?
CTTCTTTTCTCC,?
CTTCTTTTCTCT,?
CTTCTTTTCTTT,?
CTTCTTTTTCCC,?
CTTCTTTTTCCT,?
CTTCTTTTTCTC,?
CTTCTTTTTCTT,?
CTTCTTTTTTCC,?
CTTCTTTTTTCT,?
CTTCTTTTTTTC,?
CTTCTTTTTTTT,?
CTTTCCCCCCCC,?
CTTTCCCCCCCT,?
CTTTCCCCCCTC,?
CTTTCCCCCCTT,?
CTTTCCCCCTCC,?
CTTTCCCCCTCT,?
CTTTCCCCCTTC,?
CTTTCCCCCTTT,?
CTTTCCCCTCCC,?
CTTTCCCCTCCT,?
CTTTCCCCTCTC,?
CTTTCCCCTCTT,?
CTTTCCCCTTCC,?
CTTTCCCCTTCT,?
CTTTCCCCTTTT,?
CTTTCCCTCCCC,?
CTTTCCCTCCCT,?
CTTTCCCTCCTC,?
CTTTCCCTCCTT,?
CTTTCCCTCTCC,?
CTTTCCCTCTCT,?
CTTTCCCTCTTC,?
CTTTCCCTCTTT,?
CTTTCCCTTCCC,?
CTTTCCCTTCCT,?
CTTTCCCTTCTC,?
CTTTCCCTTCTT,?
CTTTCCCTTTCC,?
CTTTCCCTTTCT,?
CTTTCCCTTTTC,?
CTTTCCCTTTTT,?
CTTTCCTCCCCC,?
CTTTCCTCCCCT,?
CTTTCCTCCCTC,?
CTTTCCTCCCTT,?
CTTTCCTCCTCC,?
CTTTCCTCCTCT,?
CTTTCCTCCTTC,?
CTTTCCTCCTTT,?
CTTTCCTCTCCC,?
CTTTCCTCTCCT,?
CTTTCCTCTCTC,?
CTTTCCTCTCTT,?
CTTTCCTCTTCC,?
CTTTCCTCTTCT,?
CTTTCCTCTTTC,?
CTTTCCTCTTTT,?
CTTTCCTTCCCC,?
CTTTCCTTCCCT,?
CTTTCCTTCCTC,?
CTTTCCTTCCTT,?
CTTTCCTTCTCC,?
CTTTCCTTCTCT,?
CTTTCCTTCTTC,?
CTTTCCTTCTTT,?
CTTTCCTTTCCC,?
CTTTCCTTTCCT,?
CTTTCCTTTCTC,?
CTTTCCTTTCTT,?
CTTTCCTTTTCC,?
CTTTCCTTTTCT,?
CTTTCCTTTTTC,?
CTTTCCTTTTTT,?
CTTTCTCCCCCC,?
CTTTCTCCCCCT,?
CTTTCTCCCCTC,?
CTTTCTCCCCTT,?
CTTTCTCCCTCC,?
CTTTCTCCCTCT,?
CTTTCTCCCTTC,?
CTTTCTCCCTTT,?
CTTTCTCCTCCC,?
CTTTCTCCTCCT,?
CTTTCTCCTCTC,?
CTTTCTCCTCTT,?
CTTTCTCCTTCC,?
CTTTCTCCTTCT,?
CTTTCTCCTTTC,?
CTTTCTCCTTTT,?
CTTTCTCTCCCC,?
CTTTCTCTCCCT,?
CTTTCTCTCCTC,?
CTTTCTCTCCTT,?
CTTTCTCTCTCC,?
CTTTCTCTCTCT,?
CTTTCTCTCTTC,?
CTTTCTCTCTTT,?
CTTTCTCTTCCC,?
CTTTCTCTTCCT,?
CTTTCTCTTCTC,?
CTTTCTCTTCTT,?
CTTTCTCTTTCC,?
CTTTCTCTTTCT,?
CTTTCTCTTTTC,?
CTTTCTCTTTTT,?
CTTTCTTCCCCC,?
CTTTCTTCCCCT,?
CTTTCTTCCCTC,?
CTTTCTTCCCTT,?
CTTTCTTCCTCC,?
CTTTCTTCCTCT,?
CTTTCTTCCTTC,?
CTTTCTTCCTTT,?
CTTTCTTCTCCC,?
CTTTCTTCTCCT,?
CTTTCTTCTCTC,?
CTTTCTTCTCTT,?
CTTTCTTCTTCC,?
CTTTCTTCTTCT,?
CTTTCTTCTTTT,?
CTTTCTTTCCCC,?
CTTTCTTTCCCT,?
CTTTCTTTCCTC,?
CTTTCTTTCCTT,?
CTTTCTTTCTCC,?
CTTTCTTTCTCT,?
CTTTCTTTCTTC,?
CTTTCTTTCTTT,?
CTTTCTTTTCCC,?
CTTTCTTTTCCT,?
CTTTCTTTTCTC,?
CTTTCTTTTCTT,?
CTTTCTTTTTCC,?
CTTTCTTTTTCT,?
CTTTCTTTTTTC,?
CTTTCTTTTTTT,?
CTTTTCCCCCCC,?
CTTTTCCCCCCT,?
CTTTTCCCCCTC,?
CTTTTCCCCCTT,?
CTTTTCCCCTCC,?
CTTTTCCCCTCT,?
CTTTTCCCCTTC,?
CTTTTCCCCTTT,?
CTTTTCCCTCCC,?
CTTTTCCCTCCT,?
CTTTTCCCTCTC,?
CTTTTCCCTCTT,?
CTTTTCCCTTCC,?
CTTTTCCCTTCT,?
CTTTTCCCTTTC,?
CTTTTCCCTTTT,?
CTTTTCCTCCCC,?
CTTTTCCTCCCT,?
CTTTTCCTCCTC,?
CTTTTCCTCCTT,?
CTTTTCCTCTCC,?
CTTTTCCTCTCT,?
CTTTTCCTCTTC,?
CTTTTCCTCTTT,?
CTTTTCCTTCCC,?
CTTTTCCTTCCT,?
CTTTTCCTTCTC,?
CTTTTCCTTCTT,?
CTTTTCCTTTCC,?
CTTTTCCTTTCT,?
CTTTTCCTTTTT,?
CTTTTCTCCCCC,?
CTTTTCTCCCCT,?
CTTTTCTCCCTC,?
CTTTTCTCCCTT,?
CTTTTCTCCTCC,?
CTTTTCTCCTCT,?
CTTTTCTCCTTC,?
CTTTTCTCCTTT,?
CTTTTCTCTCCC,?
CTTTTCTCTCCT,?
CTTTTCTCTCTC,?
CTTTTCTCTCTT,?
CTTTTCTCTTCC,?
CTTTTCTCTTCT,?
CTTTTCTCTTTC,?
CTTTTCTCTTTT,?
CTTTTCTTCCCC,?
CTTTTCTTCCCT,?
CTTTTCTTCCTC,?
CTTTTCTTCCTT,?
CTTTTCTTCTCC,?
CTTTTCTTCTCT,?
CTTTTCTTCTTC,?
CTTTTCTTCTTT,?
CTTTTCTTTCCC,?
CTTTTCTTTCCT,?
CTTTTCTTTCTC,?
CTTTTCTTTCTT,?
CTTTTCTTTTCC,?
CTTTTCTTTTCT,?
CTTTTCTTTTTC,?
CTTTTCTTTTTT,?
CTTTTTCCCCCC,?
CTTTTTCCCCCT,?
CTTTTTCCCCTC,?
CTTTTTCCCCTT,?
CTTTTTCCCTCC,?
CTTTTTCCCTCT,?
CTTTTTCCCTTC,?
CTTTTTCCCTTT,?
CTTTTTCCTCCC,?
CTTTTTCCTCCT,?
CTTTTTCCTCTC,?
CTTTTTCCTCTT,?
CTTTTTCCTTCC,?
CTTTTTCCTTCT,?
CTTTTTCCTTTC,?
CTTTTTCCTTTT,?
CTTTTTCTCCCC,?
CTTTTTCTCCCT,?
CTTTTTCTCCTC,?
CTTTTTCTCCTT,?
CTTTTTCTCTCC,?
CTTTTTCTCTCT,?
CTTTTTCTCTTC,?
CTTTTTCTCTTT,?
CTTTTTCTTCCC,?
CTTTTTCTTCCT,?
CTTTTTCTTCTC,?
CTTTTTCTTCTT,?
CTTTTTCTTTCC,?
CTTTTTCTTTCT,?
CTTTTTCTTTTC,?
CTTTTTCTTTTT,?
CTTTTTTCCCCC,?
CTTTTTTCCCCT,?
CTTTTTTCCCTC,?
CTTTTTTCCCTT,?
CTTTTTTCCTCC,?
CTTTTTTCCTCT,?
CTTTTTTCCTTC,?
CTTTTTTCCTTT,?
CTTTTTTCTCCC,?
CTTTTTTCTCCT,?
CTTTTTTCTCTC,?
CTTTTTTCTCTT,?
CTTTTTTCTTCC,?
CTTTTTTCTTCT,?
CTTTTTTCTTTC,?
CTTTTTTCTTTT,?
CTTTTTTTCCCC,?
CTTTTTTTCCCT,?
CTTTTTTTCCTC,?
CTTTTTTTCCTT,?
CTTTTTTTCTCC,?
CTTTTTTTCTCT,?
CTTTTTTTCTTC,?
CTTTTTTTCTTT,?
CTTTTTTTTCCC,?
CTTTTTTTTCCT,?
CTTTTTTTTCTC,?
CTTTTTTTTCTT,?
CTTTTTTTTTCC,?
CTTTTTTTTTCT,?
CTTTTTTTTTTT,?
TCCCCCCCCCTC,?
TCCCCCCCCCTT,?
TCCCCCCCCTCC,?
TCCCCCCCCTCT,?
TCCCCCCCCTTC,?
TCCCCCCCCTTT,?
TCCCCCCCTCCC,?
TCCCCCCCTCCT,?
TCCCCCCCTCTC,?
TCCCCCCCTCTT,?
TCCCCCCCTTCC,?
TCCCCCCCTTCT,?
TCCCCCCCTTTC,?
TCCCCCCCTTTT,?
TCCCCCCTCCCC,?
TCCCCCCTCCCT,?
TCCCCCCTCCTC,?
TCCCCCCTCCTT,?
TCCCCCCTCTCC,?
TCCCCCCTCTCT,?
TCCCCCCTCTTC,?
TCCCCCCTCTTT,?
TCCCCCCTTCCC,?
TCCCCCCTTCCT,?
TCCCCCCTTCTC,?
TCCCCCCTTCTT,?
TCCCCCCTTTCC,?
TCCCCCCTTTCT,?
TCCCCCCTTTTC,?
TCCCCCCTTTTT,?
TCCCCCTCCCCC,?
TCCCCCTCCCCT,?
TCCCCCTCCCTC,?
TCCCCCTCCCTT,?
TCCCCCTCCTCC,?
TCCCCCTCCTCT,?
TCCCCCTCCTTC,?
TCCCCCTCCTTT,?
TCCCCCTCTCCC,?
TCCCCCTCTCCT,?
TCCCCCTCTCTC,?
TCCCCCTCTCTT,?
TCCCCCTCTTCC,?
TCCCCCTCTTCT,?
TCCCCCTCTTTC,?
TCCCCCTCTTTT,?
TCCCCCTTCCCC,?
TCCCCCTTCCCT,?
TCCCCCTTCCTC,?
TCCCCCTTCCTT,?
TCCCCCTTCTCC,?
TCCCCCTTCTCT,?
TCCCCCTTCTTC,?
TCCCCCTTCTTT,?
TCCCCCTTTCCC,?
TCCCCCTTTCCT,?
TCCCCCTTTCTC,?
TCCCCCTTTCTT,?
TCCCCCTTTTCC,?
TCCCCCTTTTCT,?
TCCCCCTTTTTC,?
TCCCCCTTTTTT,?
TCCCCTCCCCCC,?
TCCCCTCCCCCT,?
TCCCCTCCCCTC,?
TCCCCTCCCCTT,?
TCCCCTCCCTCC,?
TCCCCTCCCTCT,?
TCCCCTCCCTTC,?
TCCCCTCCCTTT,?
TCCCCTCCTCCC,?
TCCCCTCCTCCT,?
TCCCCTCCTCTC,?
TCCCCTCCTCTT,?
TCCCCTCCTTCC,?
TCCCCTCCTTCT,?
TCCCCTCCTTTC,?
TCCCCTCCTTTT,?
TCCCCTCTCCCC,?
TCCCCTCTCCCT,?
TCCCCTCTCCTC,?
TCCCCTCTCCTT,?
TCCCCTCTCTCC,?
TCCCCTCTCTCT,?
TCCCCTCTCTTC,?
TCCCCTCTCTTT,?
TCCCCTCTTCCC,?
TCCCCTCTTCCT,?
TCCCCTCTTCTC,?
TCCCCTCTTCTT,?
TCCCCTCTTTCC,?
TCCCCTCTTTCT,?
TCCCCTCTTTTC,?
TCCCCTCTTTTT,?
TCCCCTTCCCCC,?
TCCCCTTCCCTC,?
TCCCCTTCCCTT,?
TCCCCTTCCTCC,?
TCCCCTTCCTCT,?
TCCCCTTCCTTC,?
TCCCCTTCCTTT,?
TCCCCTTCTCCC,?
TCCCCTTCTCCT,?
TCCCCTTCTCTC,?
TCCCCTTCTCTT,?
TCCCCTTCTTCC,?
TCCCCTTCTTCT,?
TCCCCTTCTTTC,?
TCCCCTTCTTTT,?
TCCCCTTTCCCC,?
TCCCCTTTCCCT,?
TCCCCTTTCCTC,?
TCCCCTTTCCTT,?
TCCCCTTTCTCC,?
TCCCCTTTCTCT,?
TCCCCTTTCTTC,?
TCCCCTTTCTTT,?
TCCCCTTTTCCC,?
TCCCCTTTTCCT,?
TCCCCTTTTCTC,?
TCCCCTTTTCTT,?
TCCCCTTTTTCC,?
TCCCCTTTTTCT,?
TCCCCTTTTTTC,?
TCCCCTTTTTTT,?
TCCCTCCCCCCC,?
TCCCTCCCCCCT,?
TCCCTCCCCCTC,?
TCCCTCCCCCTT,?
TCCCTCCCCTCC,?
TCCCTCCCCTCT,?
TCCCTCCCCTTC,?
TCCCTCCCCTTT,?
TCCCTCCCTCCC,?
TCCCTCCCTCCT,?
TCCCTCCCTCTC,?
TCCCTCCCTCTT,?
TCCCTCCCTTCC,?
TCCCTCCCTTCT,?
TCCCTCCCTTTC,?
TCCCTCCCTTTT,?
TCCCTCCTCCCC,?
TCCCTCCTCCTC,?
TCCCTCCTCCTT,?
TCCCTCCTCTCC,?
TCCCTCCTCTTC,?
TCCCTCCTCTTT,?
TCCCTCCTTCCC,?
TCCCTCCTTCCT,?
TCCCTCCTTCTC,?
TCCCTCCTTCTT,?
TCCCTCCTTTCC,?
TCCCTCCTTTCT,?
TCCCTCCTTTTC,?
TCCCTCCTTTTT,?
TCCCTCTCCCCC,?
TCCCTCTCCCCT,?
TCCCTCTCCCTC,?
TCCCTCTCCCTT,?
TCCCTCTCCTCC,?
TCCCTCTCCTCT,?
TCCCTCTCCTTC,?
TCCCTCTCCTTT,?
TCCCTCTCTCCC,?
TCCCTCTCTCCT,?
TCCCTCTCTCTC,?
TCCCTCTCTCTT,?
TCCCTCTCTTCC,?
TCCCTCTCTTCT,?
TCCCTCTCTTTC,?
TCCCTCTCTTTT,?
TCCCTCTTCCCC,?
TCCCTCTTCCCT,?
TCCCTCTTCCTC,?
TCCCTCTTCCTT,?
TCCCTCTTCTCC,?
TCCCTCTTCTCT,?
TCCCTCTTCTTC,?
TCCCTCTTCTTT,?
TCCCTCTTTCCC,?
TCCCTCTTTCCT,?
TCCCTCTTTCTC,?
TCCCTCTTTCTT,?
TCCCTCTTTTCC,?
TCCCTCTTTTCT,?
TCCCTCTTTTTC,?
TCCCTCTTTTTT,?
TCCCTTCCCCCC,?
TCCCTTCCCCCT,?
TCCCTTCCCCTC,?
TCCCTTCCCCTT,?
TCCCTTCCCTCC,?
TCCCTTCCCTCT,?
TCCCTTCCCTTC,?
TCCCTTCCCTTT,?
TCCCTTCCTCCC,?
TCCCTTCCTCCT,?
TCCCTTCCTCTC,?
TCCCTTCCTCTT,?
TCCCTTCCTTCC,?
TCCCTTCCTTCT,?
TCCCTTCCTTTC,?
TCCCTTCCTTTT,?
TCCCTTCTCCCC,?
TCCCTTCTCCCT,?
TCCCTTCTCCTC,?
TCCCTTCTCCTT,?
TCCCTTCTCTCC,?
TCCCTTCTCTCT,?
TCCCTTCTCTTC,?
TCCCTTCTCTTT,?
TCCCTTCTTCCC,?
TCCCTTCTTCCT,?
TCCCTTCTTCTC,?
TCCCTTCTTCTT,?
TCCCTTCTTTCC,?
TCCCTTCTTTCT,?
TCCCTTCTTTTC,?
TCCCTTCTTTTT,?
TCCCTTTCCCCC,?
TCCCTTTCCCCT,?
TCCCTTTCCCTC,?
TCCCTTTCCCTT,?
TCCCTTTCCTCC,?
TCCCTTTCCTCT,?
TCCCTTTCCTTC,?
TCCCTTTCCTTT,?
TCCCTTTCTCCC,?
TCCCTTTCTCCT,?
TCCCTTTCTCTC,?
TCCCTTTCTCTT,?
TCCCTTTCTTCC,?
TCCCTTTCTTCT,?
TCCCTTTCTTTC,?
TCCCTTTCTTTT,?
TCCCTTTTCCCC,?
TCCCTTTTCCTC,?
TCCCTTTTCCTT,?
TCCCTTTTCTCC,?
TCCCTTTTCTCT,?
TCCCTTTTCTTC,?
TCCCTTTTCTTT,?
TCCCTTTTTCCC,?
TCCCTTTTTCCT,?
TCCCTTTTTCTC,?
TCCCTTTTTCTT,?
TCCCTTTTTTCC,?
TCCCTTTTTTCT,?
TCCCTTTTTTTC,?
TCCCTTTTTTTT,?
TCCTCCCCCCCC,?
TCCTCCCCCCCT,?
TCCTCCCCCCTC,?
TCCTCCCCCCTT,?
TCCTCCCCCTCC,?
TCCTCCCCCTCT,?
TCCTCCCCCTTC,?
TCCTCCCCCTTT,?
TCCTCCCCTCCC,?
TCCTCCCCTCTC,?
TCCTCCCCTCTT,?
TCCTCCCCTTCC,?
TCCTCCCCTTCT,?
TCCTCCCCTTTC,?
TCCTCCCCTTTT,?
TCCTCCCTCCCC,?
TCCTCCCTCCCT,?
TCCTCCCTCCTC,?
TCCTCCCTCCTT,?
TCCTCCCTCTCC,?
TCCTCCCTCTCT,?
TCCTCCCTCTTC,?
TCCTCCCTCTTT,?
TCCTCCCTTCCC,?
TCCTCCCTTCCT,?
TCCTCCCTTCTC,?
TCCTCCCTTCTT,?
TCCTCCCTTTCC,?
TCCTCCCTTTCT,?
TCCTCCCTTTTC,?
TCCTCCCTTTTT,?
TCCTCCTCCCCC,?
TCCTCCTCCCCT,?
TCCTCCTCCCTC,?
TCCTCCTCCCTT,?
TCCTCCTCCTCC,?
TCCTCCTCCTCT,?
TCCTCCTCCTTC,?
TCCTCCTCCTTT,?
TCCTCCTCTCCC,?
TCCTCCTCTCCT,?
TCCTCCTCTCTC,?
TCCTCCTCTCTT,?
TCCTCCTCTTCC,?
TCCTCCTCTTCT,?
TCCTCCTCTTTC,?
TCCTCCTCTTTT,?
TCCTCCTTCCCC,?
TCCTCCTTCCCT,?
TCCTCCTTCCTC,?
TCCTCCTTCCTT,?
TCCTCCTTCTCC,?
TCCTCCTTCTCT,?
TCCTCCTTCTTC,?
TCCTCCTTCTTT,?
TCCTCCTTTCCC,?
TCCTCCTTTCCT,?
TCCTCCTTTCTC,?
TCCTCCTTTCTT,?
TCCTCCTTTTCC,?
TCCTCCTTTTCT,?
TCCTCCTTTTTC,?
TCCTCCTTTTTT,?
TCCTCTCCCCCC,?
TCCTCTCCCCCT,?
TCCTCTCCCCTC,?
TCCTCTCCCCTT,?
TCCTCTCCCTCC,?
TCCTCTCCCTCT,?
TCCTCTCCCTTC,?
TCCTCTCCCTTT,?
TCCTCTCCTCCC,?
TCCTCTCCTCCT,?
TCCTCTCCTCTC,?
TCCTCTCCTCTT,?
TCCTCTCCTTCC,?
TCCTCTCCTTCT,?
TCCTCTCCTTTC,?
TCCTCTCCTTTT,?
TCCTCTCTCCCC,?
TCCTCTCTCCCT,?
TCCTCTCTCCTC,?
TCCTCTCTCCTT,?
TCCTCTCTCTCC,?
TCCTCTCTCTCT,?
TCCTCTCTCTTC,?
TCCTCTCTCTTT,?
TCCTCTCTTCCC,?
TCCTCTCTTCCT,?
TCCTCTCTTCTC,?
TCCTCTCTTCTT,?
TCCTCTCTTTCC,?
TCCTCTCTTTCT,?
TCCTCTCTTTTC,?
TCCTCTCTTTTT,?
TCCTCTTCCCCC,?
TCCTCTTCCCCT,?
TCCTCTTCCCTC,?
TCCTCTTCCCTT,?
TCCTCTTCCTCC,?
TCCTCTTCCTCT,?
TCCTCTTCCTTC,?
TCCTCTTCCTTT,?
TCCTCTTCTCCC,?
TCCTCTTCTCTC,?
TCCTCTTCTCTT,?
TCCTCTTCTTCC,?
TCCTCTTCTTCT,?
TCCTCTTCTTTC,?
TCCTCTTCTTTT,?
TCCTCTTTCCCC,?
TCCTCTTTCCCT,?
TCCTCTTTCCTC,?
TCCTCTTTCCTT,?
TCCTCTTTCTCC,?
TCCTCTTTCTCT,?
TCCTCTTTCTTC,?
TCCTCTTTCTTT,?
TCCTCTTTTCCC,?
TCCTCTTTTCCT,?
TCCTCTTTTCTC,?
TCCTCTTTTCTT,?
TCCTCTTTTTCC,?
TCCTCTTTTTCT,?
TCCTCTTTTTTC,?
TCCTCTTTTTTT,?
TCCTTCCCCCCC,?
TCCTTCCCCCCT,?
TCCTTCCCCCTC,?
TCCTTCCCCCTT,?
TCCTTCCCCTCC,?
TCCTTCCCCTCT,?
TCCTTCCCCTTC,?
TCCTTCCCCTTT,?
TCCTTCCCTCCC,?
TCCTTCCCTCCT,?
TCCTTCCCTCTC,?
TCCTTCCCTCTT,?
TCCTTCCCTTCC,?
TCCTTCCCTTCT,?
TCCTTCCCTTTC,?
TCCTTCCCTTTT,?
TCCTTCCTCCCC,?
TCCTTCCTCCCT,?
TCCTTCCTCCTC,?
TCCTTCCTCCTT,?
TCCTTCCTCTCC,?
TCCTTCCTCTCT,?
TCCTTCCTCTTC,?
TCCTTCCTCTTT,?
TCCTTCCTTCCC,?
TCCTTCCTTCTC,?
TCCTTCCTTCTT,?
TCCTTCCTTTCC,?
TCCTTCCTTTCT,?
TCCTTCCTTTTC,?
TCCTTCCTTTTT,?
TCCTTCTCCCCC,?
TCCTTCTCCCCT,?
TCCTTCTCCCTC,?
TCCTTCTCCCTT,?
TCCTTCTCCTCC,?
TCCTTCTCCTCT,?
TCCTTCTCCTTC,?
TCCTTCTCCTTT,?
TCCTTCTCTCCC,?
TCCTTCTCTCCT,?
TCCTTCTCTCTC,?
TCCTTCTCTCTT,?
TCCTTCTCTTCC,?
TCCTTCTCTTCT,?
TCCTTCTCTTTC,?
TCCTTCTCTTTT,?
TCCTTCTTCCCC,?
TCCTTCTTCCCT,?
TCCTTCTTCCTC,?
TCCTTCTTCCTT,?
TCCTTCTTCTCC,?
TCCTTCTTCTCT,?
TCCTTCTTCTTC,?
TCCTTCTTCTTT,?
TCCTTCTTTCCC,?
TCCTTCTTTCCT,?
TCCTTCTTTCTC,?
TCCTTCTTTCTT,?
TCCTTCTTTTCC,?
TCCTTCTTTTCT,?
TCCTTCTTTTTC,?
TCCTTCTTTTTT,?
TCCTTTCCCCCC,?
TCCTTTCCCCCT,?
TCCTTTCCCCTC,?
TCCTTTCCCCTT,?
TCCTTTCCCTCC,?
TCCTTTCCCTCT,?
TCCTTTCCCTTC,?
TCCTTTCCCTTT,?
TCCTTTCCTCCC,?
TCCTTTCCTCCT,?
TCCTTTCCTCTC,?
TCCTTTCCTCTT,?
TCCTTTCCTTCC,?
TCCTTTCCTTCT,?
TCCTTTCCTTTC,?
TCCTTTCCTTTT,?
TCCTTTCTCCCC,?
TCCTTTCTCCCT,?
TCCTTTCTCCTC,?
TCCTTTCTCCTT,?
TCCTTTCTCTCC,?
TCCTTTCTCTCT,?
TCCTTTCTCTTC,?
TCCTTTCTCTTT,?
TCCTTTCTTCCC,?
TCCTTTCTTCCT,?
TCCTTTCTTCTC,?
TCCTTTCTTCTT,?
TCCTTTCTTTCC,?
TCCTTTCTTTCT,?
TCCTTTCTTTTC,?
TCCTTTCTTTTT,?
TCCTTTTCCCCC,?
TCCTTTTCCCCT,?
TCCTTTTCCCTC,?
TCCTTTTCCCTT,?
TCCTTTTCCTCC,?
TCCTTTTCCTCT,?
TCCTTTTCCTTC,?
TCCTTTTCCTTT,?
TCCTTTTCTCCC,?
TCCTTTTCTCCT,?
TCCTTTTCTCTC,?
TCCTTTTCTCTT,?
TCCTTTTCTTCC,?
TCCTTTTCTTCT,?
TCCTTTTCTTTC,?
TCCTTTTCTTTT,?
TCCTTTTTCCCC,?
TCCTTTTTCCCT,?
TCCTTTTTCCTC,?
TCCTTTTTCCTT,?
TCCTTTTTCTCC,?
TCCTTTTTCTCT,?
TCCTTTTTCTTC,?
TCCTTTTTCTTT,?
TCCTTTTTTCCC,?
TCCTTTTTTCTC,?
TCCTTTTTTCTT,?
TCCTTTTTTTCC,?
TCCTTTTTTTCT,?
TCCTTTTTTTTC,?
TCCTTTTTTTTT,?
TCTCCCCCCCCC,?
TCTCCCCCCCCT,?
TCTCCCCCCCTC,?
TCTCCCCCCCTT,?
TCTCCCCCCTCC,?
TCTCCCCCCTTC,?
TCTCCCCCCTTT,?
TCTCCCCCTCCC,?
TCTCCCCCTCCT,?
TCTCCCCCTCTC,?
TCTCCCCCTCTT,?
TCTCCCCCTTCC,?
TCTCCCCCTTCT,?
TCTCCCCCTTTC,?
TCTCCCCCTTTT,?
TCTCCCCTCCCC,?
TCTCCCCTCCCT,?
TCTCCCCTCCTC,?
TCTCCCCTCCTT,?
TCTCCCCTCTCC,?
TCTCCCCTCTTC,?
TCTCCCCTCTTT,?
TCTCCCCTTCCC,?
TCTCCCCTTCCT,?
TCTCCCCTTCTC,?
TCTCCCCTTCTT,?
TCTCCCCTTTCC,?
TCTCCCCTTTCT,?
TCTCCCCTTTTC,?
TCTCCCCTTTTT,?
TCTCCCTCCCCC,?
TCTCCCTCCCCT,?
TCTCCCTCCCTC,?
TCTCCCTCCCTT,?
TCTCCCTCCTCC,?
TCTCCCTCCTCT,?
TCTCCCTCCTTC,?
TCTCCCTCCTTT,?
TCTCCCTCTCCC,?
TCTCCCTCTCCT,?
TCTCCCTCTCTC,?
TCTCCCTCTCTT,?
TCTCCCTCTTCC,?
TCTCCCTCTTCT,?
TCTCCCTCTTTC,?
TCTCCCTCTTTT,?
TCTCCCTTCCCC,?
TCTCCCTTCCCT,?
TCTCCCTTCCTC,?
TCTCCCTTCCTT,?
TCTCCCTTCTCC,?
TCTCCCTTCTCT,?
TCTCCCTTCTTC,?
TCTCCCTTCTTT,?
TCTCCCTTTCCC,?
TCTCCCTTTCCT,?
TCTCCCTTTCTC,?
TCTCCCTTTCTT,?
TCTCCCTTTTCC,?
TCTCCCTTTTCT,?
TCTCCCTTTTTC,?
TCTCCCTTTTTT,?
TCTCCTCCCCCC,?
TCTCCTCCCCCT,?
TCTCCTCCCCTC,?
TCTCCTCCCCTT,?
TCTCCTCCCTCC,?
TCTCCTCCCTCT,?
TCTCCTCCCTTC,?
TCTCCTCCCTTT,?
TCTCCTCCTCCC,?
TCTCCTCCTCCT,?
TCTCCTCCTCTC,?
TCTCCTCCTCTT,?
TCTCCTCCTTCC,?
TCTCCTCCTTCT,?
TCTCCTCCTTTC,?
TCTCCTCCTTTT,?
TCTCCTCTCCCC,?
TCTCCTCTCCCT,?
TCTCCTCTCCTC,?
TCTCCTCTCCTT,?
TCTCCTCTCTCC,?
TCTCCTCTCTCT,?
TCTCCTCTCTTC,?
TCTCCTCTCTTT,?
TCTCCTCTTCCC,?
TCTCCTCTTCCT,?
TCTCCTCTTCTC,?
TCTCCTCTTCTT,?
TCTCCTCTTTCC,?
TCTCCTCTTTCT,?
TCTCCTCTTTTC,?
TCTCCTCTTTTT,?
TCTCCTTCCCCC,?
TCTCCTTCCCCT,?
TCTCCTTCCCTC,?
TCTCCTTCCCTT,?
TCTCCTTCCTCC,?
TCTCCTTCCTTC,?
TCTCCTTCCTTT,?
TCTCCTTCTCCC,?
TCTCCTTCTCCT,?
TCTCCTTCTCTC,?
TCTCCTTCTCTT,?
TCTCCTTCTTCC,?
TCTCCTTCTTCT,?
TCTCCTTCTTTC,?
TCTCCTTCTTTT,?
TCTCCTTTCCCC,?
TCTCCTTTCCCT,?
TCTCCTTTCCTC,?
TCTCCTTTCCTT,?
TCTCCTTTCTCC,?
TCTCCTTTCTCT,?
TCTCCTTTCTTC,?
TCTCCTTTCTTT,?
TCTCCTTTTCCC,?
TCTCCTTTTCCT,?
TCTCCTTTTCTC,?
TCTCCTTTTCTT,?
TCTCCTTTTTCC,?
TCTCCTTTTTCT,?
TCTCCTTTTTTC,?
TCTCCTTTTTTT,?
TCTCTCCCCCCC,?
TCTCTCCCCCCT,?
TCTCTCCCCCTC,?
TCTCTCCCCCTT,?
TCTCTCCCCTCC,?
TCTCTCCCCTTC,?
TCTCTCCCCTTT,?
TCTCTCCCTCCC,?
TCTCTCCCTCCT,?
TCTCTCCCTCTC,?
TCTCTCCCTCTT,?
TCTCTCCCTTCC,?
TCTCTCCCTTCT,?
TCTCTCCCTTTC,?
TCTCTCCCTTTT,?
TCTCTCCTCCCC,?
TCTCTCCTCCTC,?
TCTCTCCTCCTT,?
TCTCTCCTCTTC,?
TCTCTCCTTCCC,?
TCTCTCCTTCCT,?
TCTCTCCTTCTC,?
TCTCTCCTTCTT,?
TCTCTCCTTTCC,?
TCTCTCCTTTTC,?
TCTCTCCTTTTT,?
TCTCTCTCCCCC,?
TCTCTCTCCCCT,?
TCTCTCTCCCTC,?
TCTCTCTCCCTT,?
TCTCTCTCCTCC,?
TCTCTCTCCTCT,?
TCTCTCTCCTTC,?
TCTCTCTCCTTT,?
TCTCTCTCTCCC,?
TCTCTCTCTCCT,?
TCTCTCTCTCTC,?
TCTCTCTCTCTT,?
TCTCTCTCTTCC,?
TCTCTCTCTTCT,?
TCTCTCTCTTTC,?
TCTCTCTCTTTT,?
TCTCTCTTCCCC,?
TCTCTCTTCCCT,?
TCTCTCTTCCTC,?
TCTCTCTTCCTT,?
TCTCTCTTCTCC,?
TCTCTCTTCTTC,?
TCTCTCTTCTTT,?
TCTCTCTTTCCC,?
TCTCTCTTTCCT,?
TCTCTCTTTCTC,?
TCTCTCTTTCTT,?
TCTCTCTTTTCC,?
TCTCTCTTTTCT,?
TCTCTCTTTTTC,?
TCTCTCTTTTTT,?
TCTCTTCCCCCC,?
TCTCTTCCCCCT,?
TCTCTTCCCCTC,?
TCTCTTCCCCTT,?
TCTCTTCCCTCC,?
TCTCTTCCCTCT,?
TCTCTTCCCTTC,?
TCTCTTCCCTTT,?
TCTCTTCCTCCC,?
TCTCTTCCTCCT,?
TCTCTTCCTCTC,?
TCTCTTCCTCTT,?
TCTCTTCCTTCC,?
TCTCTTCCTTCT,?
TCTCTTCCTTTC,?
TCTCTTCCTTTT,?
TCTCTTCTCCCC,?
TCTCTTCTCCCT,?
TCTCTTCTCCTC,?
TCTCTTCTCCTT,?
TCTCTTCTCTCC,?
TCTCTTCTCTTC,?
TCTCTTCTCTTT,?
TCTCTTCTTCCC,?
TCTCTTCTTCCT,?
TCTCTTCTTCTC,?
TCTCTTCTTCTT,?
TCTCTTCTTTCC,?
TCTCTTCTTTCT,?
TCTCTTCTTTTC,?
TCTCTTCTTTTT,?
TCTCTTTCCCCC,?
TCTCTTTCCCCT,?
TCTCTTTCCCTC,?
TCTCTTTCCCTT,?
TCTCTTTCCTCC,?
TCTCTTTCCTCT,?
TCTCTTTCCTTC,?
TCTCTTTCCTTT,?
TCTCTTTCTCCC,?
TCTCTTTCTCCT,?
TCTCTTTCTCTC,?
TCTCTTTCTCTT,?
TCTCTTTCTTCC,?
TCTCTTTCTTCT,?
TCTCTTTCTTTC,?
TCTCTTTCTTTT,?
TCTCTTTTCCCC,?
TCTCTTTTCCCT,?
TCTCTTTTCCTC,?
TCTCTTTTCCTT,?
TCTCTTTTCTCC,?
TCTCTTTTCTTC,?
TCTCTTTTCTTT,?
TCTCTTTTTCCC,?
TCTCTTTTTCCT,?
TCTCTTTTTCTC,?
TCTCTTTTTCTT,?
TCTCTTTTTTCC,?
TCTCTTTTTTCT,?
TCTCTTTTTTTC,?
TCTCTTTTTTTT,?
TCTTCCCCCCCC,?
TCTTCCCCCCCT,?
TCTTCCCCCCTC,?
TCTTCCCCCCTT,?
TCTTCCCCCTCC,?
TCTTCCCCCTCT,?
TCTTCCCCCTTC,?
TCTTCCCCCTTT,?
TCTTCCCCTCCC,?
TCTTCCCCTCCT,?
TCTTCCCCTCTC,?
TCTTCCCCTCTT,?
TCTTCCCCTTCC,?
TCTTCCCCTTTC,?
TCTTCCCCTTTT,?
TCTTCCCTCCCC,?
TCTTCCCTCCCT,?
TCTTCCCTCCTC,?
TCTTCCCTCCTT,?
TCTTCCCTCTCC,?
TCTTCCCTCTCT,?
TCTTCCCTCTTC,?
TCTTCCCTCTTT,?
TCTTCCCTTCCC,?
TCTTCCCTTCCT,?
TCTTCCCTTCTC,?
TCTTCCCTTCTT,?
TCTTCCCTTTCC,?
TCTTCCCTTTCT,?
TCTTCCCTTTTC,?
TCTTCCCTTTTT,?
TCTTCCTCCCCC,?
TCTTCCTCCCCT,?
TCTTCCTCCCTC,?
TCTTCCTCCCTT,?
TCTTCCTCCTCC,?
TCTTCCTCCTCT,?
TCTTCCTCCTTC,?
TCTTCCTCCTTT,?
TCTTCCTCTCCC,?
TCTTCCTCTCCT,?
TCTTCCTCTCTC,?
TCTTCCTCTCTT,?
TCTTCCTCTTCC,?
TCTTCCTCTTCT,?
TCTTCCTCTTTC,?
TCTTCCTCTTTT,?
TCTTCCTTCCCC,?
TCTTCCTTCCCT,?
TCTTCCTTCCTC,?
TCTTCCTTCCTT,?
TCTTCCTTCTCC,?
TCTTCCTTCTCT,?
TCTTCCTTCTTC,?
TCTTCCTTCTTT,?
TCTTCCTTTCCC,?
TCTTCCTTTCCT,?
TCTTCCTTTCTC,?
TCTTCCTTTCTT,?
TCTTCCTTTTCC,?
TCTTCCTTTTCT,?
TCTTCCTTTTTC,?
TCTTCCTTTTTT,?
TCTTCTCCCCCC,?
TCTTCTCCCCCT,?
TCTTCTCCCCTC,?
TCTTCTCCCCTT,?
TCTTCTCCCTCC,?
TCTTCTCCCTCT,?
TCTTCTCCCTTC,?
TCTTCTCCCTTT,?
TCTTCTCCTCCC,?
TCTTCTCCTCCT,?
TCTTCTCCTCTC,?
TCTTCTCCTCTT,?
TCTTCTCCTTCC,?
TCTTCTCCTTCT,?
TCTTCTCCTTTC,?
TCTTCTCCTTTT,?
TCTTCTCTCCCC,?
TCTTCTCTCCCT,?
TCTTCTCTCCTC,?
TCTTCTCTCCTT,?
TCTTCTCTCTCC,?
TCTTCTCTCTCT,?
TCTTCTCTCTTC,?
TCTTCTCTCTTT,?
TCTTCTCTTCCC,?
TCTTCTCTTCCT,?
TCTTCTCTTCTC,?
TCTTCTCTTCTT,?
TCTTCTCTTTCC,?
TCTTCTCTTTCT,?
TCTTCTCTTTTC,?
TCTTCTCTTTTT,?
TCTTCTTCCCCC,?
TCTTCTTCCCCT,?
TCTTCTTCCCTC,?
TCTTCTTCCCTT,?
TCTTCTTCCTCC,?
TCTTCTTCCTCT,?
TCTTCTTCCTTC,?
TCTTCTTCCTTT,?
TCTTCTTCTCCC,?
TCTTCTTCTCCT,?
TCTTCTTCTCTC,?
TCTTCTTCTCTT,?
TCTTCTTCTTCC,?
TCTTCTTCTTTC,?
TCTTCTTCTTTT,?
TCTTCTTTCCCC,?
TCTTCTTTCCCT,?
TCTTCTTTCCTC,?
TCTTCTTTCCTT,?
TCTTCTTTCTCC,?
TCTTCTTTCTCT,?
TCTTCTTTCTTC,?
TCTTCTTTCTTT,?
TCTTCTTTTCCC,?
TCTTCTTTTCCT,?
TCTTCTTTTCTC,?
TCTTCTTTTCTT,?
TCTTCTTTTTCC,?
TCTTCTTTTTCT,?
TCTTCTTTTTTC,?
TCTTCTTTTTTT,?
TCTTTCCCCCCC,?
TCTTTCCCCCCT,?
TCTTTCCCCCTC,?
TCTTTCCCCCTT,?
TCTTTCCCCTCC,?
TCTTTCCCCTCT,?
TCTTTCCCCTTC,?
TCTTTCCCCTTT,?
TCTTTCCCTCCC,?
TCTTTCCCTCCT,?
TCTTTCCCTCTC,?
TCTTTCCCTCTT,?
TCTTTCCCTTCC,?
TCTTTCCCTTCT,?
TCTTTCCCTTTC,?
TCTTTCCCTTTT,?
TCTTTCCTCCCC,?
TCTTTCCTCCCT,?
TCTTTCCTCCTC,?
TCTTTCCTCCTT,?
TCTTTCCTCTCC,?
TCTTTCCTCTTC,?
TCTTTCCTCTTT,?
TCTTTCCTTCCC,?
TCTTTCCTTCCT,?
TCTTTCCTTCTC,?
TCTTTCCTTCTT,?
TCTTTCCTTTCC,?
TCTTTCCTTTTC,?
TCTTTCCTTTTT,?
TCTTTCTCCCCC,?
TCTTTCTCCCCT,?
TCTTTCTCCCTC,?
TCTTTCTCCCTT,?
TCTTTCTCCTCC,?
TCTTTCTCCTCT,?
TCTTTCTCCTTC,?
TCTTTCTCCTTT,?
TCTTTCTCTCCC,?
TCTTTCTCTCCT,?
TCTTTCTCTCTC,?
TCTTTCTCTCTT,?
TCTTTCTCTTCC,?
TCTTTCTCTTCT,?
TCTTTCTCTTTC,?
TCTTTCTCTTTT,?
TCTTTCTTCCCC,?
TCTTTCTTCCCT,?
TCTTTCTTCCTC,?
TCTTTCTTCCTT,?
TCTTTCTTCTCC,?
TCTTTCTTCTCT,?
TCTTTCTTCTTC,?
TCTTTCTTCTTT,?
TCTTTCTTTCCC,?
TCTTTCTTTCCT,?
TCTTTCTTTCTC,?
TCTTTCTTTCTT,?
TCTTTCTTTTCC,?
TCTTTCTTTTCT,?
TCTTTCTTTTTC,?
TCTTTCTTTTTT,?
TCTTTTCCCCCC,?
TCTTTTCCCCCT,?
TCTTTTCCCCTC,?
TCTTTTCCCCTT,?
TCTTTTCCCTCC,?
TCTTTTCCCTCT,?
TCTTTTCCCTTC,?
TCTTTTCCCTTT,?
TCTTTTCCTCCC,?
TCTTTTCCTCCT,?
TCTTTTCCTCTC,?
TCTTTTCCTCTT,?
TCTTTTCCTTCC,?
TCTTTTCCTTCT,?
TCTTTTCCTTTC,?
TCTTTTCCTTTT,?
TCTTTTCTCCCC,?
TCTTTTCTCCCT,?
TCTTTTCTCCTC,?
TCTTTTCTCCTT,?
TCTTTTCTCTCC,?
TCTTTTCTCTCT,?
TCTTTTCTCTTC,?
TCTTTTCTCTTT,?
TCTTTTCTTCCC,?
TCTTTTCTTCCT,?
TCTTTTCTTCTC,?
TCTTTTCTTCTT,?
TCTTTTCTTTCC,?
TCTTTTCTTTCT,?
TCTTTTCTTTTC,?
TCTTTTCTTTTT,?
TCTTTTTCCCCC,?
TCTTTTTCCCCT,?
TCTTTTTCCCTC,?
TCTTTTTCCCTT,?
TCTTTTTCCTCC,?
TCTTTTTCCTCT,?
TCTTTTTCCTTC,?
TCTTTTTCCTTT,?
TCTTTTTCTCCC,?
TCTTTTTCTCCT,?
TCTTTTTCTCTC,?
TCTTTTTCTCTT,?
TCTTTTTCTTCC,?
TCTTTTTCTTCT,?
TCTTTTTCTTTC,?
TCTTTTTCTTTT,?
TCTTTTTTCCCC,?
TCTTTTTTCCCT,?
TCTTTTTTCCTC,?
TCTTTTTTCCTT,?
TCTTTTTTCTCC,?
TCTTTTTTCTCT,?
TCTTTTTTCTTC,?
TCTTTTTTCTTT,?
TCTTTTTTTCCC,?
TCTTTTTTTCCT,?
TCTTTTTTTCTC,?
TCTTTTTTTCTT,?
TCTTTTTTTTCC,?
TCTTTTTTTTTC,?
TCTTTTTTTTTT,?
TTCCCCCCCCCC,?
TTCCCCCCCCCT,?
TTCCCCCCCCTC,?
TTCCCCCCCTCC,?
TTCCCCCCCTCT,?
TTCCCCCCCTTC,?
TTCCCCCCCTTT,?
TTCCCCCCTCCC,?
TTCCCCCCTCCT,?
TTCCCCCCTCTC,?
TTCCCCCCTCTT,?
TTCCCCCCTTCC,?
TTCCCCCCTTCT,?
TTCCCCCCTTTC,?
TTCCCCCCTTTT,?
TTCCCCCTCCCC,?
TTCCCCCTCCCT,?
TTCCCCCTCCTC,?
TTCCCCCTCCTT,?
TTCCCCCTCTCC,?
TTCCCCCTCTCT,?
TTCCCCCTCTTC,?
TTCCCCCTCTTT,?
TTCCCCCTTCCC,?
TTCCCCCTTCCT,?
TTCCCCCTTCTC,?
TTCCCCCTTCTT,?
TTCCCCCTTTCC,?
TTCCCCCTTTCT,?
TTCCCCCTTTTC,?
TTCCCCCTTTTT,?
TTCCCCTCCCCC,?
TTCCCCTCCCCT,?
TTCCCCTCCCTC,?
TTCCCCTCCCTT,?
TTCCCCTCCTCC,?
TTCCCCTCCTCT,?
TTCCCCTCCTTC,?
TTCCCCTCCTTT,?
TTCCCCTCTCCC,?
TTCCCCTCTCCT,?
TTCCCCTCTCTC,?
TTCCCCTCTCTT,?
TTCCCCTCTTCC,?
TTCCCCTCTTCT,?
TTCCCCTCTTTC,?
TTCCCCTCTTTT,?
TTCCCCTTCCCC,?
TTCCCCTTCCCT,?
TTCCCCTTCCTC,?
TTCCCCTTCCTT,?
TTCCCCTTCTCC,?
TTCCCCTTCTCT,?
TTCCCCTTCTTC,?
TTCCCCTTCTTT,?
TTCCCCTTTCCC,?
TTCCCCTTTCCT,?
TTCCCCTTTCTC,?
TTCCCCTTTCTT,?
TTCCCCTTTTCC,?
TTCCCCTTTTCT,?
TTCCCCTTTTTC,?
TTCCCCTTTTTT,?
TTCCCTCCCCCC,?
TTCCCTCCCCCT,?
TTCCCTCCCCTC,?
TTCCCTCCCCTT,?
TTCCCTCCCTCC,?
TTCCCTCCCTCT,?
TTCCCTCCCTTC,?
TTCCCTCCCTTT,?
TTCCCTCCTCCC,?
TTCCCTCCTCCT,?
TTCCCTCCTCTC,?
TTCCCTCCTCTT,?
TTCCCTCCTTCC,?
TTCCCTCCTTCT,?
TTCCCTCCTTTC,?
TTCCCTCCTTTT,?
TTCCCTCTCCCC,?
TTCCCTCTCCCT,?
TTCCCTCTCCTC,?
TTCCCTCTCCTT,?
TTCCCTCTCTCC,?
TTCCCTCTCTCT,?
TTCCCTCTCTTC,?
TTCCCTCTCTTT,?
TTCCCTCTTCCC,?
TTCCCTCTTCCT,?
TTCCCTCTTCTC,?
TTCCCTCTTCTT,?
TTCCCTCTTTCC,?
TTCCCTCTTTCT,?
TTCCCTCTTTTC,?
TTCCCTCTTTTT,?
TTCCCTTCCCCC,?
TTCCCTTCCCCT,?
TTCCCTTCCCTC,?
TTCCCTTCCTCC,?
TTCCCTTCCTCT,?
TTCCCTTCCTTC,?
TTCCCTTCCTTT,?
TTCCCTTCTCCC,?
TTCCCTTCTCCT,?
TTCCCTTCTCTC,?
TTCCCTTCTCTT,?
TTCCCTTCTTCC,?
TTCCCTTCTTCT,?
TTCCCTTCTTTC,?
TTCCCTTCTTTT,?
TTCCCTTTCCCC,?
TTCCCTTTCCCT,?
TTCCCTTTCCTC,?
TTCCCTTTCCTT,?
TTCCCTTTCTCC,?
TTCCCTTTCTCT,?
TTCCCTTTCTTC,?
TTCCCTTTCTTT,?
TTCCCTTTTCCC,?
TTCCCTTTTCCT,?
TTCCCTTTTCTC,?
TTCCCTTTTCTT,?
TTCCCTTTTTCC,?
TTCCCTTTTTCT,?
TTCCCTTTTTTC,?
TTCCCTTTTTTT,?
TTCCTCCCCCCC,?
TTCCTCCCCCCT,?
TTCCTCCCCCTC,?
TTCCTCCCCCTT,?
TTCCTCCCCTCC,?
TTCCTCCCCTCT,?
TTCCTCCCCTTC,?
TTCCTCCCCTTT,?
TTCCTCCCTCCC,?
TTCCTCCCTCCT,?
TTCCTCCCTCTC,?
TTCCTCCCTCTT,?
TTCCTCCCTTCC,?
TTCCTCCCTTCT,?
TTCCTCCCTTTC,?
TTCCTCCCTTTT,?
TTCCTCCTCCCC,?
TTCCTCCTCCCT,?
TTCCTCCTCCTC,?
TTCCTCCTCTCC,?
TTCCTCCTCTCT,?
TTCCTCCTCTTC,?
TTCCTCCTCTTT,?
TTCCTCCTTCCC,?
TTCCTCCTTCCT,?
TTCCTCCTTCTC,?
TTCCTCCTTCTT,?
TTCCTCCTTTCC,?
TTCCTCCTTTCT,?
TTCCTCCTTTTC,?
TTCCTCCTTTTT,?
TTCCTCTCCCCC,?
TTCCTCTCCCCT,?
TTCCTCTCCCTC,?
TTCCTCTCCCTT,?
TTCCTCTCCTCC,?
TTCCTCTCCTCT,?
TTCCTCTCCTTC,?
TTCCTCTCCTTT,?
TTCCTCTCTCCC,?
TTCCTCTCTCCT,?
TTCCTCTCTCTC,?
TTCCTCTCTCTT,?
TTCCTCTCTTCC,?
TTCCTCTCTTCT,?
TTCCTCTCTTTC,?
TTCCTCTCTTTT,?
TTCCTCTTCCCC,?
TTCCTCTTCCCT,?
TTCCTCTTCCTC,?
TTCCTCTTCCTT,?
TTCCTCTTCTCC,?
TTCCTCTTCTCT,?
TTCCTCTTCTTC,?
TTCCTCTTCTTT,?
TTCCTCTTTCCC,?
TTCCTCTTTCCT,?
TTCCTCTTTCTC,?
TTCCTCTTTCTT,?
TTCCTCTTTTCC,?
TTCCTCTTTTCT,?
TTCCTCTTTTTC,?
TTCCTCTTTTTT,?
TTCCTTCCCCCC,?
TTCCTTCCCCCT,?
TTCCTTCCCCTC,?
TTCCTTCCCCTT,?
TTCCTTCCCTCC,?
TTCCTTCCCTCT,?
TTCCTTCCCTTC,?
TTCCTTCCCTTT,?
TTCCTTCCTCCC,?
TTCCTTCCTCCT,?
TTCCTTCCTCTC,?
TTCCTTCCTCTT,?
TTCCTTCCTTCC,?
TTCCTTCCTTCT,?
TTCCTTCCTTTC,?
TTCCTTCCTTTT,?
TTCCTTCTCCCC,?
TTCCTTCTCCCT,?
TTCCTTCTCCTC,?
TTCCTTCTCCTT,?
TTCCTTCTCTCC,?
TTCCTTCTCTCT,?
TTCCTTCTCTTC,?
TTCCTTCTCTTT,?
TTCCTTCTTCCC,?
TTCCTTCTTCCT,?
TTCCTTCTTCTC,?
TTCCTTCTTCTT,?
TTCCTTCTTTCC,?
TTCCTTCTTTCT,?
TTCCTTCTTTTC,?
TTCCTTCTTTTT,?
TTCCTTTCCCCC,?
TTCCTTTCCCCT,?
TTCCTTTCCCTC,?
TTCCTTTCCCTT,?
TTCCTTTCCTCC,?
TTCCTTTCCTCT,?
TTCCTTTCCTTC,?
TTCCTTTCCTTT,?
TTCCTTTCTCCC,?
TTCCTTTCTCCT,?
TTCCTTTCTCTC,?
TTCCTTTCTCTT,?
TTCCTTTCTTCC,?
TTCCTTTCTTCT,?
TTCCTTTCTTTC,?
TTCCTTTCTTTT,?
TTCCTTTTCCCC,?
TTCCTTTTCCCT,?
TTCCTTTTCCTC,?
TTCCTTTTCTCC,?
TTCCTTTTCTCT,?
TTCCTTTTCTTC,?
TTCCTTTTCTTT,?
TTCCTTTTTCCC,?
TTCCTTTTTCCT,?
TTCCTTTTTCTC,?
TTCCTTTTTCTT,?
TTCCTTTTTTCC,?
TTCCTTTTTTCT,?
TTCCTTTTTTTC,?
TTCCTTTTTTTT,?
TTCTCCCCCCCC,?
TTCTCCCCCCCT,?
TTCTCCCCCCTC,?
TTCTCCCCCCTT,?
TTCTCCCCCTCC,?
TTCTCCCCCTCT,?
TTCTCCCCCTTC,?
TTCTCCCCCTTT,?
TTCTCCCCTCCC,?
TTCTCCCCTCCT,?
TTCTCCCCTCTC,?
TTCTCCCCTTCC,?
TTCTCCCCTTCT,?
TTCTCCCCTTTC,?
TTCTCCCCTTTT,?
TTCTCCCTCCCC,?
TTCTCCCTCCCT,?
TTCTCCCTCCTC,?
TTCTCCCTCCTT,?
TTCTCCCTCTCC,?
TTCTCCCTCTCT,?
TTCTCCCTCTTC,?
TTCTCCCTCTTT,?
TTCTCCCTTCCC,?
TTCTCCCTTCCT,?
TTCTCCCTTCTC,?
TTCTCCCTTCTT,?
TTCTCCCTTTCC,?
TTCTCCCTTTCT,?
TTCTCCCTTTTC,?
TTCTCCCTTTTT,?
TTCTCCTCCCCC,?
TTCTCCTCCCCT,?
TTCTCCTCCCTC,?
TTCTCCTCCCTT,?
TTCTCCTCCTCC,?
TTCTCCTCCTCT,?
TTCTCCTCCTTC,?
TTCTCCTCCTTT,?
TTCTCCTCTCCC,?
TTCTCCTCTCCT,?
TTCTCCTCTCTC,?
TTCTCCTCTCTT,?
TTCTCCTCTTCC,?
TTCTCCTCTTCT,?
TTCTCCTCTTTC,?
TTCTCCTCTTTT,?
TTCTCCTTCCCC,?
TTCTCCTTCCCT,?
TTCTCCTTCCTC,?
TTCTCCTTCCTT,?
TTCTCCTTCTCC,?
TTCTCCTTCTCT,?
TTCTCCTTCTTC,?
TTCTCCTTCTTT,?
TTCTCCTTTCCC,?
TTCTCCTTTCCT,?
TTCTCCTTTCTC,?
TTCTCCTTTCTT,?
TTCTCCTTTTCC,?
TTCTCCTTTTCT,?
TTCTCCTTTTTC,?
TTCTCCTTTTTT,?
TTCTCTCCCCCC,?
TTCTCTCCCCCT,?
TTCTCTCCCCTC,?
TTCTCTCCCCTT,?
TTCTCTCCCTCC,?
TTCTCTCCCTCT,?
TTCTCTCCCTTC,?
TTCTCTCCCTTT,?
TTCTCTCCTCCC,?
TTCTCTCCTCCT,?
TTCTCTCCTCTC,?
TTCTCTCCTCTT,?
TTCTCTCCTTCC,?
TTCTCTCCTTCT,?
TTCTCTCCTTTC,?
TTCTCTCCTTTT,?
TTCTCTCTCCCC,?
TTCTCTCTCCCT,?
TTCTCTCTCCTC,?
TTCTCTCTCCTT,?
TTCTCTCTCTCC,?
TTCTCTCTCTCT,?
TTCTCTCTCTTC,?
TTCTCTCTCTTT,?
TTCTCTCTTCCC,?
TTCTCTCTTCCT,?
TTCTCTCTTCTC,?
TTCTCTCTTCTT,?
TTCTCTCTTTCC,?
TTCTCTCTTTCT,?
TTCTCTCTTTTC,?
TTCTCTCTTTTT,?
TTCTCTTCCCCC,?
TTCTCTTCCCCT,?
TTCTCTTCCCTC,?
TTCTCTTCCCTT,?
TTCTCTTCCTCC,?
TTCTCTTCCTCT,?
TTCTCTTCCTTC,?
TTCTCTTCCTTT,?
TTCTCTTCTCCC,?
TTCTCTTCTCCT,?
TTCTCTTCTCTC,?
TTCTCTTCTTCC,?
TTCTCTTCTTCT,?
TTCTCTTCTTTC,?
TTCTCTTCTTTT,?
TTCTCTTTCCCC,?
TTCTCTTTCCCT,?
TTCTCTTTCCTC,?
TTCTCTTTCCTT,?
TTCTCTTTCTCC,?
TTCTCTTTCTCT,?
TTCTCTTTCTTC,?
TTCTCTTTCTTT,?
TTCTCTTTTCCC,?
TTCTCTTTTCCT,?
TTCTCTTTTCTC,?
TTCTCTTTTCTT,?
TTCTCTTTTTCC,?
TTCTCTTTTTCT,?
TTCTCTTTTTTC,?
TTCTCTTTTTTT,?
TTCTTCCCCCCC,?
TTCTTCCCCCCT,?
TTCTTCCCCCTC,?
TTCTTCCCCCTT,?
TTCTTCCCCTCC,?
TTCTTCCCCTCT,?
TTCTTCCCCTTC,?
TTCTTCCCCTTT,?
TTCTTCCCTCCC,?
TTCTTCCCTCCT,?
TTCTTCCCTCTC,?
TTCTTCCCTCTT,?
TTCTTCCCTTCC,?
TTCTTCCCTTCT,?
TTCTTCCCTTTC,?
TTCTTCCCTTTT,?
TTCTTCCTCCCC,?
TTCTTCCTCCCT,?
TTCTTCCTCCTC,?
TTCTTCCTCCTT,?
TTCTTCCTCTCC,?
TTCTTCCTCTCT,?
TTCTTCCTCTTC,?
TTCTTCCTCTTT,?
TTCTTCCTTCCC,?
TTCTTCCTTCCT,?
TTCTTCCTTCTC,?
TTCTTCCTTTCC,?
TTCTTCCTTTCT,?
TTCTTCCTTTTC,?
TTCTTCCTTTTT,?
TTCTTCTCCCCC,?
TTCTTCTCCCCT,?
TTCTTCTCCCTC,?
TTCTTCTCCCTT,?
TTCTTCTCCTCC,?
TTCTTCTCCTCT,?
TTCTTCTCCTTC,?
TTCTTCTCCTTT,?
TTCTTCTCTCCC,?
TTCTTCTCTCCT,?
TTCTTCTCTCTC,?
TTCTTCTCTCTT,?
TTCTTCTCTTCC,?
TTCTTCTCTTCT,?
TTCTTCTCTTTC,?
TTCTTCTCTTTT,?
TTCTTCTTCCCC,?
TTCTTCTTCCCT,?
TTCTTCTTCCTC,?
TTCTTCTTCCTT,?
TTCTTCTTCTCC,?
TTCTTCTTCTCT,?
TTCTTCTTCTTC,?
TTCTTCTTCTTT,?
TTCTTCTTTCCC,?
TTCTTCTTTCCT,?
TTCTTCTTTCTC,?
TTCTTCTTTCTT,?
TTCTTCTTTTCC,?
TTCTTCTTTTCT,?
TTCTTCTTTTTC,?
TTCTTCTTTTTT,?
TTCTTTCCCCCC,?
TTCTTTCCCCCT,?
TTCTTTCCCCTC,?
TTCTTTCCCCTT,?
TTCTTTCCCTCC,?
TTCTTTCCCTCT,?
TTCTTTCCCTTC,?
TTCTTTCCCTTT,?
TTCTTTCCTCCC,?
TTCTTTCCTCCT,?
TTCTTTCCTCTC,?
TTCTTTCCTCTT,?
TTCTTTCCTTCC,?
TTCTTTCCTTCT,?
TTCTTTCCTTTC,?
TTCTTTCCTTTT,?
TTCTTTCTCCCC,?
TTCTTTCTCCCT,?
TTCTTTCTCCTC,?
TTCTTTCTCCTT,?
TTCTTTCTCTCC,?
TTCTTTCTCTCT,?
TTCTTTCTCTTC,?
TTCTTTCTCTTT,?
TTCTTTCTTCCC,?
TTCTTTCTTCCT,?
TTCTTTCTTCTC,?
TTCTTTCTTCTT,?
TTCTTTCTTTCC,?
TTCTTTCTTTCT,?
TTCTTTCTTTTC,?
TTCTTTCTTTTT,?
TTCTTTTCCCCC,?
TTCTTTTCCCCT,?
TTCTTTTCCCTC,?
TTCTTTTCCCTT,?
TTCTTTTCCTCC,?
TTCTTTTCCTCT,?
TTCTTTTCCTTC,?
TTCTTTTCCTTT,?
TTCTTTTCTCCC,?
TTCTTTTCTCCT,?
TTCTTTTCTCTC,?
TTCTTTTCTCTT,?
TTCTTTTCTTCC,?
TTCTTTTCTTCT,?
TTCTTTTCTTTC,?
TTCTTTTCTTTT,?
TTCTTTTTCCCC,?
TTCTTTTTCCCT,?
TTCTTTTTCCTC,?
TTCTTTTTCCTT,?
TTCTTTTTCTCC,?
TTCTTTTTCTCT,?
TTCTTTTTCTTC,?
TTCTTTTTCTTT,?
TTCTTTTTTCCC,?
TTCTTTTTTCCT,?
TTCTTTTTTCTC,?
TTCTTTTTTTCC,?
TTCTTTTTTTCT,?
TTCTTTTTTTTC,?
TTCTTTTTTTTT,?
TTTCCCCCCCTC,?
TTTCCCCCCCTT,?
TTTCCCCCCTCC,?
TTTCCCCCCTCT,?
TTTCCCCCCTTC,?
TTTCCCCCTCCC,?
TTTCCCCCTCCT,?
TTTCCCCCTCTC,?
TTTCCCCCTCTT,?
TTTCCCCCTTCC,?
TTTCCCCCTTCT,?
TTTCCCCCTTTC,?
TTTCCCCCTTTT,?
TTTCCCCTCCCC,?
TTTCCCCTCCCT,?
TTTCCCCTCCTC,?
TTTCCCCTCCTT,?
TTTCCCCTCTCC,?
TTTCCCCTCTCT,?
TTTCCCCTCTTC,?
TTTCCCCTCTTT,?
TTTCCCCTTCCC,?
TTTCCCCTTCCT,?
TTTCCCCTTCTC,?
TTTCCCCTTCTT,?
TTTCCCCTTTCC,?
TTTCCCCTTTCT,?
TTTCCCCTTTTC,?
TTTCCCCTTTTT,?
TTTCCCTCCCCC,?
TTTCCCTCCCCT,?
TTTCCCTCCCTC,?
TTTCCCTCCCTT,?
TTTCCCTCCTCC,?
TTTCCCTCCTCT,?
TTTCCCTCCTTC,?
TTTCCCTCCTTT,?
TTTCCCTCTCCC,?
TTTCCCTCTCCT,?
TTTCCCTCTCTC,?
TTTCCCTCTCTT,?
TTTCCCTCTTCC,?
TTTCCCTCTTCT,?
TTTCCCTCTTTC,?
TTTCCCTCTTTT,?
TTTCCCTTCCCC,?
TTTCCCTTCCCT,?
TTTCCCTTCCTC,?
TTTCCCTTCCTT,?
TTTCCCTTCTCC,?
TTTCCCTTCTCT,?
TTTCCCTTCTTC,?
TTTCCCTTCTTT,?
TTTCCCTTTCCC,?
TTTCCCTTTCCT,?
TTTCCCTTTCTC,?
TTTCCCTTTCTT,?
TTTCCCTTTTCC,?
TTTCCCTTTTCT,?
TTTCCCTTTTTC,?
TTTCCCTTTTTT,?
TTTCCTCCCCCC,?
TTTCCTCCCCCT,?
TTTCCTCCCCTC,?
TTTCCTCCCCTT,?
TTTCCTCCCTCC,?
TTTCCTCCCTCT,?
TTTCCTCCCTTC,?
TTTCCTCCCTTT,?
TTTCCTCCTCCC,?
TTTCCTCCTCCT,?
TTTCCTCCTCTC,?
TTTCCTCCTCTT,?
TTTCCTCCTTCC,?
TTTCCTCCTTCT,?
TTTCCTCCTTTC,?
TTTCCTCCTTTT,?
TTTCCTCTCCCC,?
TTTCCTCTCCCT,?
TTTCCTCTCCTC,?
TTTCCTCTCCTT,?
TTTCCTCTCTCC,?
TTTCCTCTCTCT,?
TTTCCTCTCTTC,?
TTTCCTCTCTTT,?
TTTCCTCTTCCC,?
TTTCCTCTTCCT,?
TTTCCTCTTCTC,?
TTTCCTCTTCTT,?
TTTCCTCTTTCC,?
TTTCCTCTTTCT,?
TTTCCTCTTTTC,?
TTTCCTCTTTTT,?
TTTCCTTCCCCC,?
TTTCCTTCCCCT,?
TTTCCTTCCCTC,?
TTTCCTTCCCTT,?
TTTCCTTCCTCC,?
TTTCCTTCCTCT,?
TTTCCTTCCTTC,?
TTTCCTTCTCCC,?
TTTCCTTCTCCT,?
TTTCCTTCTCTC,?
TTTCCTTCTCTT,?
TTTCCTTCTTCC,?
TTTCCTTCTTCT,?
TTTCCTTCTTTC,?
TTTCCTTCTTTT,?
TTTCCTTTCCCC,?
TTTCCTTTCCCT,?
TTTCCTTTCCTC,?
TTTCCTTTCCTT,?
TTTCCTTTCTCC,?
TTTCCTTTCTCT,?
TTTCCTTTCTTC,?
TTTCCTTTCTTT,?
TTTCCTTTTCCC,?
TTTCCTTTTCCT,?
TTTCCTTTTCTC,?
TTTCCTTTTCTT,?
TTTCCTTTTTCC,?
TTTCCTTTTTCT,?
TTTCCTTTTTTC,?
TTTCCTTTTTTT,?
TTTCTCCCCCCC,?
TTTCTCCCCCCT,?
TTTCTCCCCCTC,?
TTTCTCCCCCTT,?
TTTCTCCCCTCC,?
TTTCTCCCCTCT,?
TTTCTCCCCTTC,?
TTTCTCCCCTTT,?
TTTCTCCCTCCC,?
TTTCTCCCTCCT,?
TTTCTCCCTCTC,?
TTTCTCCCTCTT,?
TTTCTCCCTTCC,?
TTTCTCCCTTCT,?
TTTCTCCCTTTC,?
TTTCTCCCTTTT,?
TTTCTCCTCCCC,?
TTTCTCCTCCCT,?
TTTCTCCTCCTC,?
TTTCTCCTCCTT,?
TTTCTCCTCTCC,?
TTTCTCCTCTTC,?
TTTCTCCTTCCC,?
TTTCTCCTTCCT,?
TTTCTCCTTCTC,?
TTTCTCCTTCTT,?
TTTCTCCTTTCC,?
TTTCTCCTTTCT,?
TTTCTCCTTTTC,?
TTTCTCCTTTTT,?
TTTCTCTCCCCC,?
TTTCTCTCCCCT,?
TTTCTCTCCCTC,?
TTTCTCTCCCTT,?
TTTCTCTCCTCC,?
TTTCTCTCCTCT,?
TTTCTCTCCTTC,?
TTTCTCTCCTTT,?
TTTCTCTCTCCC,?
TTTCTCTCTCCT,?
TTTCTCTCTCTC,?
TTTCTCTCTCTT,?
TTTCTCTCTTCC,?
TTTCTCTCTTCT,?
TTTCTCTCTTTC,?
TTTCTCTCTTTT,?
TTTCTCTTCCCC,?
TTTCTCTTCCCT,?
TTTCTCTTCCTC,?
TTTCTCTTCCTT,?
TTTCTCTTCTCC,?
TTTCTCTTCTCT,?
TTTCTCTTCTTC,?
TTTCTCTTCTTT,?
TTTCTCTTTCCC,?
TTTCTCTTTCCT,?
TTTCTCTTTCTC,?
TTTCTCTTTCTT,?
TTTCTCTTTTCC,?
TTTCTCTTTTCT,?
TTTCTCTTTTTC,?
TTTCTCTTTTTT,?
TTTCTTCCCCCC,?
TTTCTTCCCCCT,?
TTTCTTCCCCTC,?
TTTCTTCCCCTT,?
TTTCTTCCCTCC,?
TTTCTTCCCTCT,?
TTTCTTCCCTTC,?
TTTCTTCCCTTT,?
TTTCTTCCTCCC,?
TTTCTTCCTCCT,?
TTTCTTCCTCTC,?
TTTCTTCCTCTT,?
TTTCTTCCTTCC,?
TTTCTTCCTTCT,?
TTTCTTCCTTTC,?
TTTCTTCCTTTT,?
TTTCTTCTCCCC,?
TTTCTTCTCCCT,?
TTTCTTCTCCTC,?
TTTCTTCTCCTT,?
TTTCTTCTCTCC,?
TTTCTTCTCTCT,?
TTTCTTCTCTTC,?
TTTCTTCTCTTT,?
TTTCTTCTTCCC,?
TTTCTTCTTCCT,?
TTTCTTCTTCTC,?
TTTCTTCTTCTT,?
TTTCTTCTTTCC,?
TTTCTTCTTTCT,?
TTTCTTCTTTTC,?
TTTCTTCTTTTT,?
TTTCTTTCCCCC,?
TTTCTTTCCCCT,?
TTTCTTTCCCTC,?
TTTCTTTCCCTT,?
TTTCTTTCCTCC,?
TTTCTTTCCTCT,?
TTTCTTTCCTTC,?
TTTCTTTCCTTT,?
TTTCTTTCTCCC,?
TTTCTTTCTCCT,?
TTTCTTTCTCTC,?
TTTCTTTCTCTT,?
TTTCTTTCTTCC,?
TTTCTTTCTTCT,?
TTTCTTTCTTTC,?
TTTCTTTCTTTT,?
TTTCTTTTCCCC,?
TTTCTTTTCCCT,?
TTTCTTTTCCTC,?
TTTCTTTTCCTT,?
TTTCTTTTCTCC,?
TTTCTTTTCTCT,?
TTTCTTTTCTTC,?
TTTCTTTTTCCC,?
TTTCTTTTTCCT,?
TTTCTTTTTCTC,?
TTTCTTTTTCTT,?
TTTCTTTTTTCC,?
TTTCTTTTTTCT,?
TTTCTTTTTTTC,?
TTTCTTTTTTTT,?
TTTTCCCCCCTC,?
TTTTCCCCCCTT,?
TTTTCCCCCTCC,?
TTTTCCCCCTCT,?
TTTTCCCCCTTC,?
TTTTCCCCCTTT,?
TTTTCCCCTCCC,?
TTTTCCCCTCCT,?
TTTTCCCCTCTC,?
TTTTCCCCTCTT,?
TTTTCCCCTTCC,?
TTTTCCCCTTCT,?
TTTTCCCCTTTC,?
TTTTCCCTCCCC,?
TTTTCCCTCCCT,?
TTTTCCCTCCTC,?
TTTTCCCTCCTT,?
TTTTCCCTCTCC,?
TTTTCCCTCTCT,?
TTTTCCCTCTTC,?
TTTTCCCTCTTT,?
TTTTCCCTTCCC,?
TTTTCCCTTCCT,?
TTTTCCCTTCTC,?
TTTTCCCTTCTT,?
TTTTCCCTTTCC,?
TTTTCCCTTTCT,?
TTTTCCCTTTTC,?
TTTTCCCTTTTT,?
TTTTCCTCCCCC,?
TTTTCCTCCCCT,?
TTTTCCTCCCTC,?
TTTTCCTCCCTT,?
TTTTCCTCCTCC,?
TTTTCCTCCTCT,?
TTTTCCTCCTTC,?
TTTTCCTCCTTT,?
TTTTCCTCTCCC,?
TTTTCCTCTCCT,?
TTTTCCTCTCTC,?
TTTTCCTCTCTT,?
TTTTCCTCTTCC,?
TTTTCCTCTTCT,?
TTTTCCTCTTTC,?
TTTTCCTCTTTT,?
TTTTCCTTCCCC,?
TTTTCCTTCCCT,?
TTTTCCTTCCTC,?
TTTTCCTTCCTT,?
TTTTCCTTCTCC,?
TTTTCCTTCTCT,?
TTTTCCTTCTTC,?
TTTTCCTTCTTT,?
TTTTCCTTTCCC,?
TTTTCCTTTCCT,?
TTTTCCTTTCTC,?
TTTTCCTTTCTT,?
TTTTCCTTTTCC,?
TTTTCCTTTTCT,?
TTTTCCTTTTTC,?
TTTTCCTTTTTT,?
TTTTCTCCCCCC,?
TTTTCTCCCCCT,?
TTTTCTCCCCTC,?
TTTTCTCCCCTT,?
TTTTCTCCCTCC,?
TTTTCTCCCTCT,?
TTTTCTCCCTTC,?
TTTTCTCCCTTT,?
TTTTCTCCTCCC,?
TTTTCTCCTCCT,?
TTTTCTCCTCTC,?
TTTTCTCCTCTT,?
TTTTCTCCTTCC,?
TTTTCTCCTTCT,?
TTTTCTCCTTTC,?
TTTTCTCCTTTT,?
TTTTCTCTCCCC,?
TTTTCTCTCCCT,?
TTTTCTCTCCTC,?
TTTTCTCTCCTT,?
TTTTCTCTCTCC,?
TTTTCTCTCTCT,?
TTTTCTCTCTTC,?
TTTTCTCTCTTT,?
TTTTCTCTTCCC,?
TTTTCTCTTCCT,?
TTTTCTCTTCTC,?
TTTTCTCTTCTT,?
TTTTCTCTTTCC,?
TTTTCTCTTTCT,?
TTTTCTCTTTTC,?
TTTTCTCTTTTT,?
TTTTCTTCCCCC,?
TTTTCTTCCCCT,?
TTTTCTTCCCTC,?
TTTTCTTCCCTT,?
TTTTCTTCCTCC,?
TTTTCTTCCTCT,?
TTTTCTTCCTTC,?
TTTTCTTCCTTT,?
TTTTCTTCTCCC,?
TTTTCTTCTCCT,?
TTTTCTTCTCTC,?
TTTTCTTCTCTT,?
TTTTCTTCTTCC,?
TTTTCTTCTTCT,?
TTTTCTTCTTTC,?
TTTTCTTTCCCC,?
TTTTCTTTCCCT,?
TTTTCTTTCCTC,?
TTTTCTTTCCTT,?
TTTTCTTTCTCC,?
TTTTCTTTCTCT,?
TTTTCTTTCTTC,?
TTTTCTTTCTTT,?
TTTTCTTTTCCC,?
TTTTCTTTTCCT,?
TTTTCTTTTCTC,?
TTTTCTTTTCTT,?
TTTTCTTTTTCC,?
TTTTCTTTTTCT,?
TTTTCTTTTTTC,?
TTTTCTTTTTTT,?
TTTTTCCCCCCC,?
TTTTTCCCCCCT,?
TTTTTCCCCCTC,?
TTTTTCCCCCTT,?
TTTTTCCCCTCC,?
TTTTTCCCCTCT,?
TTTTTCCCCTTC,?
TTTTTCCCCTTT,?
TTTTTCCCTCCC,?
TTTTTCCCTCCT,?
TTTTTCCCTCTC,?
TTTTTCCCTCTT,?
TTTTTCCCTTCC,?
TTTTTCCCTTCT,?
TTTTTCCCTTTC,?
TTTTTCCCTTTT,?
TTTTTCCTCCCC,?
TTTTTCCTCCCT,?
TTTTTCCTCCTC,?
TTTTTCCTCCTT,?
TTTTTCCTCTCC,?
TTTTTCCTCTCT,?
TTTTTCCTCTTC,?
TTTTTCCTCTTT,?
TTTTTCCTTCCC,?
TTTTTCCTTCCT,?
TTTTTCCTTCTC,?
TTTTTCCTTCTT,?
TTTTTCCTTTCC,?
TTTTTCCTTTCT,?
TTTTTCCTTTTC,?
TTTTTCTCCCCC,?
TTTTTCTCCCCT,?
TTTTTCTCCCTC,?
TTTTTCTCCCTT,?
TTTTTCTCCTCC,?
TTTTTCTCCTCT,?
TTTTTCTCCTTC,?
TTTTTCTCCTTT,?
TTTTTCTCTCCC,?
TTTTTCTCTCCT,?
TTTTTCTCTCTC,?
TTTTTCTCTCTT,?
TTTTTCTCTTCC,?
TTTTTCTCTTCT,?
TTTTTCTCTTTC,?
TTTTTCTCTTTT,?
TTTTTCTTCCCC,?
TTTTTCTTCCCT,?
TTTTTCTTCCTC,?
TTTTTCTTCCTT,?
TTTTTCTTCTCC,?
TTTTTCTTCTCT,?
TTTTTCTTCTTC,?
TTTTTCTTCTTT,?
TTTTTCTTTCCC,?
TTTTTCTTTCCT,?
TTTTTCTTTCTC,?
TTTTTCTTTCTT,?
TTTTTCTTTTCC,?
TTTTTCTTTTCT,?
TTTTTCTTTTTC,?
TTTTTCTTTTTT,?
TTTTTTCCCCCC,?
TTTTTTCCCCCT,?
TTTTTTCCCCTC,?
TTTTTTCCCCTT,?
TTTTTTCCCTCC,?
TTTTTTCCCTCT,?
TTTTTTCCCTTC,?
TTTTTTCCCTTT,?
TTTTTTCCTCCC,?
TTTTTTCCTCCT,?
TTTTTTCCTCTC,?
TTTTTTCCTCTT,?
TTTTTTCCTTCC,?
TTTTTTCCTTCT,?
TTTTTTCCTTTC,?
TTTTTTCCTTTT,?
TTTTTTCTCCCC,?
TTTTTTCTCCCT,?
TTTTTTCTCCTC,?
TTTTTTCTCCTT,?
TTTTTTCTCTCC,?
TTTTTTCTCTCT,?
TTTTTTCTCTTC,?
TTTTTTCTCTTT,?
TTTTTTCTTCCC,?
TTTTTTCTTCCT,?
TTTTTTCTTCTC,?
TTTTTTCTTCTT,?
TTTTTTCTTTCC,?
TTTTTTCTTTCT,?
TTTTTTCTTTTC,?
TTTTTTCTTTTT,?
TTTTTTTCCCCC,?
TTTTTTTCCCCT,?
TTTTTTTCCCTC,?
TTTTTTTCCCTT,?
TTTTTTTCCTCC,?
TTTTTTTCCTCT,?
TTTTTTTCCTTC,?
TTTTTTTCCTTT,?
TTTTTTTCTCCC,?
TTTTTTTCTCCT,?
TTTTTTTCTCTC,?
TTTTTTTCTCTT,?
TTTTTTTCTTCC,?
TTTTTTTCTTCT,?
TTTTTTTCTTTC,?
TTTTTTTCTTTT,?
TTTTTTTTCCCC,?
TTTTTTTTCCCT,?
TTTTTTTTCCTC,?
TTTTTTTTCCTT,?
TTTTTTTTCTCC,?
TTTTTTTTCTCT,?
TTTTTTTTCTTC,?
TTTTTTTTCTTT,?
TTTTTTTTTCCC,?
TTTTTTTTTCCT,?
TTTTTTTTTCTC,?
TTTTTTTTTCTT,?
TTTTTTTTTTCC,?
TTTTTTTTTTCT,?
TTTTTTTTTTTC,?